island_id,census_year,population_type,gender,labor_force_part_rate,employment_to_pop_ratio,unemployment_rate,inactivity_rate,youth_unemp_15_24,youth_unemp_18_35,neet_rate_15_24,neet_rate_18_35,combined_unemp_pot_lf
1,2022,all_residents,total,73.58,69.95,4.93,26.42,20.0,3.94,26.47,3.75,14.56
1,2022,all_residents,female,69.1,64.61,6.5,30.9,27.27,5.45,23.08,2.56,19.01
1,2022,all_residents,male,77.4,74.52,3.73,22.6,11.11,2.78,28.57,4.88,10.92
1,2022,maldivians_only,total,69.64,65.48,5.98,30.36,25.0,5.38,30.0,25.4,17.29
1,2022,maldivians_only,female,67.46,62.72,7.02,32.54,30.0,6.25,25.0,31.0,21.6
1,2022,maldivians_only,male,71.86,68.26,5.0,28.14,16.67,4.44,33.33,18.2,14.29
2,2022,all_residents,total,77.23,73.6,4.7,22.77,13.33,6.56,21.26,7.12,10.98
2,2022,all_residents,female,63.75,61.35,3.75,36.25,10.71,5.13,14.81,7.77,13.48
2,2022,all_residents,male,86.76,82.25,5.19,13.24,14.89,7.23,26.03,6.74,9.6
2,2022,maldivians_only,total,71.28,66.67,6.47,28.72,16.39,9.88,23.89,23.1,14.75
2,2022,maldivians_only,female,60.87,58.26,4.29,39.13,13.64,5.8,16.67,25.5,15.79
2,2022,maldivians_only,male,80.97,74.49,8.0,19.03,17.95,12.9,29.23,21.0,14.42
3,2022,all_residents,total,79.26,76.14,3.94,20.74,7.14,4.65,13.51,3.09,12.13
3,2022,all_residents,female,67.92,63.52,6.48,32.08,11.11,9.52,18.75,4.29,21.09
3,2022,all_residents,male,88.6,86.53,2.34,11.4,5.26,2.3,9.52,2.17,5.65
3,2022,maldivians_only,total,72.86,68.77,5.61,27.14,12.5,8.45,20.0,33.7,16.67
3,2022,maldivians_only,female,66.23,61.59,7.0,33.77,12.5,10.81,20.0,43.1,23.89
3,2022,maldivians_only,male,81.36,77.97,4.17,18.64,12.5,5.88,20.0,17.9,9.8
4,2022,all_residents,total,74.7,73.02,2.26,25.3,8.47,3.12,21.78,5.45,6.48
4,2022,all_residents,female,60.29,58.46,3.05,39.71,8.7,4.94,25.49,8.53,11.67
4,2022,all_residents,male,86.92,85.36,1.79,13.08,8.33,2.1,18.0,2.74,3.18
4,2022,maldivians_only,total,70.36,68.38,2.81,29.64,10.87,4.19,25.0,22.9,7.98
4,2022,maldivians_only,female,58.94,57.03,3.23,41.06,8.7,5.19,25.49,35.2,12.65
4,2022,maldivians_only,male,82.72,80.66,2.49,17.28,13.04,3.33,24.32,6.5,4.39
5,2022,all_residents,total,69.59,67.84,2.52,30.41,8.7,2.33,23.44,5.45,9.86
5,2022,all_residents,female,52.85,51.04,3.43,47.15,9.09,3.49,35.85,8.97,18.26
5,2022,all_residents,male,80.65,78.94,2.12,19.35,8.51,1.86,14.67,3.33,5.73
5,2022,maldivians_only,total,62.13,59.92,3.55,37.87,12.5,3.78,28.04,32.6,13.48
5,2022,maldivians_only,female,49.58,47.62,3.95,50.42,10.53,4.05,38.0,45.0,21.26
5,2022,maldivians_only,male,72.95,70.53,3.31,27.05,13.79,3.6,19.3,20.6,8.75
6,2022,all_residents,total,67.61,66.85,1.12,32.39,5.8,1.28,25.94,8.36,8.51
6,2022,all_residents,female,41.06,40.18,2.16,58.94,8.0,2.75,34.96,15.45,20.63
6,2022,all_residents,male,84.6,83.92,0.8,15.4,4.55,0.83,18.18,4.0,4.02
6,2022,maldivians_only,total,56.01,54.97,1.86,43.99,9.52,2.54,32.7,39.9,13.28
6,2022,maldivians_only,female,36.9,35.95,2.59,63.1,11.11,3.66,39.45,59.2,24.07
6,2022,maldivians_only,male,74.72,73.6,1.5,25.28,8.33,1.95,25.49,18.1,7.31
7,2022,all_residents,total,75.03,73.9,1.5,24.97,4.21,1.4,15.43,3.99,4.64
7,2022,all_residents,female,60.29,58.86,2.37,39.71,8.0,3.0,21.13,8.0,9.25
7,2022,all_residents,male,84.6,83.67,1.1,15.4,2.86,0.78,11.97,1.81,2.38
7,2022,maldivians_only,total,67.07,65.56,2.24,32.93,7.55,2.59,19.86,18.9,6.84
7,2022,maldivians_only,female,56.96,55.38,2.78,43.04,11.76,3.85,23.81,28.6,10.99
7,2022,maldivians_only,male,76.22,74.79,1.88,23.78,5.56,1.74,16.87,9.8,4.04
8,2022,all_residents,total,80.4,77.56,3.53,19.6,6.67,3.58,13.48,2.9,8.39
8,2022,all_residents,female,61.35,57.37,6.49,38.65,5.56,8.0,18.75,5.5,19.55
8,2022,all_residents,male,90.95,88.74,2.43,9.05,7.14,2.16,10.53,1.69,3.6
8,2022,maldivians_only,total,71.72,67.62,5.71,28.28,11.11,7.24,18.46,23.2,13.16
8,2022,maldivians_only,female,59.41,55.23,7.04,40.59,5.88,8.82,19.35,35.3,22.29
8,2022,maldivians_only,male,83.53,79.52,4.81,16.47,15.79,5.95,17.65,9.1,7.04
9,2022,all_residents,total,83.41,80.54,3.44,16.59,12.5,3.6,22.5,4.65,7.34
9,2022,all_residents,female,62.87,59.9,4.72,37.13,0.0,3.33,24.14,7.5,15.97
9,2022,all_residents,male,93.18,90.35,3.03,6.82,17.95,3.67,21.57,3.62,4.24
9,2022,maldivians_only,total,74.38,70.2,5.63,25.62,17.07,7.56,27.69,19.7,12.04
9,2022,maldivians_only,female,60.53,57.89,4.35,39.47,0.0,1.89,24.14,24.7,17.32
9,2022,maldivians_only,male,86.57,81.02,6.42,13.43,29.17,12.12,30.56,14.5,8.85
10,2022,all_residents,total,85.09,81.58,4.12,14.91,28.57,6.82,37.5,4.17,5.1
10,2022,all_residents,female,80.36,76.79,4.44,19.64,25.0,11.76,25.0,5.0,4.44
10,2022,all_residents,male,89.66,86.21,3.85,10.34,33.33,3.7,50.0,3.57,5.66
10,2022,maldivians_only,total,80.0,75.29,5.88,20.0,28.57,13.04,37.5,22.2,7.25
10,2022,maldivians_only,female,76.6,72.34,5.56,23.4,25.0,16.67,25.0,26.7,5.88
10,2022,maldivians_only,male,84.21,78.95,6.25,15.79,33.33,9.09,50.0,16.7,9.09
11,2022,all_residents,total,66.71,64.4,3.47,33.29,8.57,2.22,28.57,5.28,21.52
11,2022,all_residents,female,41.35,39.1,5.45,58.65,7.14,5.26,33.33,10.17,43.17
11,2022,all_residents,male,82.59,80.24,2.85,17.41,9.52,1.19,23.53,2.16,11.2
11,2022,maldivians_only,total,54.38,51.2,5.86,45.62,10.71,4.27,31.75,38.1,32.19
11,2022,maldivians_only,female,40.61,38.31,5.66,59.39,7.14,5.66,33.33,48.7,45.66
11,2022,maldivians_only,male,69.29,65.15,5.99,30.71,14.29,3.12,29.63,23.5,21.5
12,2022,all_residents,total,79.04,77.34,2.15,20.96,4.55,4.46,17.07,3.88,8.7
12,2022,all_residents,female,70.97,67.74,4.55,29.03,16.67,13.51,22.22,6.0,13.22
12,2022,all_residents,male,85.35,84.85,0.59,14.65,0.0,0.0,13.04,2.53,5.62
12,2022,maldivians_only,total,73.85,71.73,2.87,26.15,5.26,7.35,18.42,23.5,11.35
12,2022,maldivians_only,female,69.39,65.99,4.9,30.61,16.67,14.71,22.22,34.0,14.81
12,2022,maldivians_only,male,78.68,77.94,0.93,21.32,0.0,0.0,15.0,10.5,8.62
13,2022,all_residents,total,60.72,59.05,2.75,39.28,9.68,4.95,30.16,10.87,26.13
13,2022,all_residents,female,49.17,48.07,2.25,50.83,5.88,4.26,29.41,11.84,35.56
13,2022,all_residents,male,72.47,70.22,3.1,27.53,14.29,5.56,31.03,9.68,17.76
13,2022,maldivians_only,total,57.83,56.02,3.12,42.17,10.0,6.02,30.65,31.9,28.74
13,2022,maldivians_only,female,48.3,47.16,2.35,51.7,5.88,4.44,29.41,37.0,37.21
13,2022,maldivians_only,male,68.59,66.03,3.74,31.41,15.38,7.89,32.14,23.9,20.77
14,2022,all_residents,total,75.82,73.99,2.42,24.18,7.31,2.81,20.3,4.14,6.58
14,2022,all_residents,female,55.44,53.64,3.23,44.56,6.67,4.72,25.64,7.08,12.48
14,2022,all_residents,male,89.64,87.77,2.08,10.36,7.75,2.06,15.52,2.18,3.9
14,2022,maldivians_only,total,68.46,66.06,3.51,31.54,10.39,4.35,25.28,27.5,9.37
14,2022,maldivians_only,female,54.25,52.4,3.41,45.75,7.5,5.13,27.4,44.3,13.5
14,2022,maldivians_only,male,83.4,80.42,3.58,16.6,13.51,3.82,22.69,8.2,6.63
15,2022,all_residents,total,73.65,72.42,1.66,26.35,6.11,2.47,15.6,2.22,7.78
15,2022,all_residents,female,56.26,55.1,2.06,43.74,8.51,3.41,21.24,3.64,15.45
15,2022,all_residents,male,85.82,84.55,1.47,14.18,4.76,2.12,10.95,1.43,3.8
15,2022,maldivians_only,total,63.02,61.3,2.73,36.98,9.41,4.28,19.12,22.0,12.31
15,2022,maldivians_only,female,52.4,51.13,2.43,47.6,10.26,3.57,22.86,31.7,18.1
15,2022,maldivians_only,male,75.0,72.77,2.97,25.0,8.7,4.85,15.15,10.6,7.49
16,2022,all_residents,total,84.93,83.77,1.37,15.07,6.25,2.58,13.85,2.98,6.47
16,2022,all_residents,female,72.41,69.83,3.57,27.59,9.52,8.11,18.18,6.12,14.74
16,2022,all_residents,male,91.27,90.83,0.48,8.73,3.7,0.85,9.38,1.68,2.8
16,2022,maldivians_only,total,76.28,74.42,2.44,23.72,8.11,5.06,16.98,15.4,11.11
16,2022,maldivians_only,female,70.19,67.31,4.11,29.81,11.76,9.09,21.43,27.3,17.28
16,2022,maldivians_only,male,81.98,81.08,1.1,18.02,5.0,2.17,12.0,4.3,6.25
17,2022,all_residents,total,45.47,44.63,1.85,54.53,4.0,2.61,38.89,10.04,20.83
17,2022,all_residents,female,30.56,29.94,2.02,69.44,9.09,1.82,42.0,10.95,32.17
17,2022,all_residents,male,63.24,62.13,1.74,36.76,0.0,3.06,35.0,9.09,12.44
17,2022,maldivians_only,total,40.26,39.34,2.28,59.74,4.76,3.42,40.7,46.4,24.65
17,2022,maldivians_only,female,29.69,29.06,2.11,70.31,9.09,1.92,42.0,56.7,33.58
17,2022,maldivians_only,male,55.36,54.02,2.42,44.64,0.0,4.62,38.89,32.3,16.55
18,2022,all_residents,total,76.06,72.37,4.86,23.94,11.94,5.56,21.7,5.49,10.64
18,2022,all_residents,female,59.42,56.17,5.46,40.58,22.22,6.59,33.33,9.76,18.4
18,2022,all_residents,male,88.18,84.16,4.56,11.82,8.16,5.08,14.06,2.93,6.32
18,2022,maldivians_only,total,69.08,64.31,6.91,30.92,17.39,8.99,27.06,25.2,14.75
18,2022,maldivians_only,female,55.67,52.13,6.37,44.33,23.53,8.0,34.15,34.6,22.16
18,2022,maldivians_only,male,82.39,76.41,7.26,17.61,13.79,9.71,20.45,16.2,9.96
19,2022,all_residents,total,63.7,59.93,5.91,36.3,27.78,5.19,35.42,8.41,18.98
19,2022,all_residents,female,52.32,49.67,5.06,47.68,22.22,6.06,38.46,8.77,25.74
19,2022,all_residents,male,75.89,70.92,6.54,24.11,33.33,4.55,31.82,8.0,13.04
19,2022,maldivians_only,total,59.39,55.17,7.1,40.61,27.78,6.67,35.42,32.2,22.16
19,2022,maldivians_only,female,50.34,47.59,5.48,49.66,22.22,6.67,38.46,40.7,28.57
19,2022,maldivians_only,male,70.69,64.66,8.54,29.31,33.33,6.67,31.82,19.4,16.67
20,2022,all_residents,total,57.45,54.28,5.52,42.55,15.38,6.44,19.08,7.28,13.46
20,2022,all_residents,female,41.78,38.71,7.36,58.22,14.89,8.44,18.24,7.42,21.17
20,2022,all_residents,male,73.58,70.31,4.45,26.42,15.66,5.41,19.79,7.16,8.39
20,2022,maldivians_only,total,51.06,47.39,7.19,48.94,22.22,9.67,21.64,33.2,16.99
20,2022,maldivians_only,female,39.6,36.39,8.1,60.4,18.92,9.77,19.46,43.7,24.62
20,2022,maldivians_only,male,65.77,61.51,6.48,34.23,24.53,9.58,23.72,19.5,11.81
21,2022,all_residents,total,76.47,69.93,8.55,23.53,31.58,9.26,44.83,15.15,17.05
21,2022,all_residents,female,55.36,48.21,12.9,44.64,42.86,21.43,61.54,29.17,28.95
21,2022,all_residents,male,88.66,82.47,6.98,11.34,25.0,5.0,31.25,7.14,12.09
21,2022,maldivians_only,total,71.65,63.78,10.99,28.35,37.5,12.82,50.0,33.3,21.36
21,2022,maldivians_only,female,53.7,46.3,13.79,46.3,42.86,23.08,61.54,56.5,34.38
21,2022,maldivians_only,male,84.93,76.71,9.68,15.07,33.33,7.69,38.46,14.3,16.42
22,2022,all_residents,total,89.01,86.81,2.47,10.99,5.41,3.79,6.98,0.7,6.32
22,2022,all_residents,female,76.4,75.28,1.47,23.6,7.69,2.56,11.76,2.13,11.84
22,2022,all_residents,male,95.11,92.39,2.86,4.89,4.17,4.3,3.85,0.0,3.95
22,2022,maldivians_only,total,83.24,79.89,4.03,16.76,9.52,7.46,11.11,16.7,10.06
22,2022,maldivians_only,female,70.0,68.57,2.04,30.0,16.67,3.85,20.0,20.6,16.07
22,2022,maldivians_only,male,91.74,87.16,5.0,8.26,6.67,9.76,5.88,13.6,6.86
23,2022,all_residents,total,68.52,65.74,4.05,31.48,15.0,3.85,19.05,2.6,8.97
23,2022,all_residents,female,54.37,52.91,2.68,45.63,0.0,1.56,11.11,1.09,9.92
23,2022,all_residents,male,81.42,77.43,4.89,18.58,25.0,5.43,25.0,4.0,8.38
23,2022,maldivians_only,total,61.9,58.54,5.43,38.1,17.65,5.31,21.05,23.5,11.81
23,2022,maldivians_only,female,52.28,50.76,2.91,47.72,0.0,1.72,11.11,27.9,11.01
23,2022,maldivians_only,male,73.75,68.12,7.63,26.25,33.33,9.09,30.0,17.5,12.8
24,2022,all_residents,total,62.8,59.6,5.1,37.2,19.44,5.38,23.68,5.29,17.91
24,2022,all_residents,female,46.4,44.0,5.17,53.6,12.5,10.64,24.32,8.64,26.17
24,2022,all_residents,male,79.2,75.2,5.05,20.8,25.0,2.41,23.08,2.25,12.15
24,2022,maldivians_only,total,56.74,53.02,6.56,43.26,25.93,8.64,26.87,37.2,22.18
24,2022,maldivians_only,female,45.75,43.32,5.31,54.25,12.5,10.87,24.32,48.8,27.86
24,2022,maldivians_only,male,71.58,66.12,7.63,28.42,45.45,5.71,30.0,14.6,17.69
25,2022,all_residents,total,80.27,77.38,3.59,19.73,4.11,2.69,16.67,5.26,12.09
25,2022,all_residents,female,63.19,60.74,3.88,36.81,7.69,1.59,24.14,7.79,19.51
25,2022,all_residents,male,89.93,86.81,3.47,10.07,3.33,3.12,13.7,4.12,8.76
25,2022,maldivians_only,total,64.4,59.2,8.07,35.6,13.04,8.45,32.69,28.4,24.49
25,2022,maldivians_only,female,50.82,47.54,6.45,49.18,8.33,3.45,25.0,30.2,30.77
25,2022,maldivians_only,male,77.34,70.31,9.09,22.66,18.18,11.9,41.67,26.9,21.05
26,2022,all_residents,total,76.86,73.22,4.73,23.14,15.49,8.1,24.07,7.87,14.89
26,2022,all_residents,female,63.43,59.87,5.61,36.57,16.67,11.27,36.17,12.7,24.49
26,2022,all_residents,male,87.83,84.13,4.22,12.17,14.89,6.47,14.75,3.55,8.09
26,2022,maldivians_only,total,71.74,67.21,6.31,28.26,19.3,11.97,27.66,32.7,19.0
26,2022,maldivians_only,female,62.96,59.26,5.88,37.04,16.67,11.94,36.17,44.5,26.34
26,2022,maldivians_only,male,81.96,76.47,6.7,18.04,21.21,12.0,19.15,14.3,12.56
27,2022,all_residents,total,72.97,70.87,2.88,27.03,14.71,3.51,15.29,5.11,12.92
27,2022,all_residents,female,75.0,75.0,0.0,25.0,0.0,0.0,16.0,2.99,10.48
27,2022,all_residents,male,71.35,67.57,5.3,28.65,26.32,6.67,15.0,7.14,14.97
27,2022,maldivians_only,total,69.8,67.45,3.37,30.2,16.13,4.26,15.85,17.9,14.83
27,2022,maldivians_only,female,74.66,74.66,0.0,25.34,0.0,0.0,16.0,20.0,10.66
27,2022,maldivians_only,male,65.13,60.53,7.07,34.87,31.25,9.52,15.79,15.4,19.3
28,2022,all_residents,total,74.33,73.11,1.64,25.67,2.63,1.99,10.34,2.26,11.8
28,2022,all_residents,female,52.35,49.66,5.13,47.65,0.0,6.25,13.33,3.64,32.11
28,2022,all_residents,male,86.92,86.54,0.44,13.08,3.12,0.84,9.3,1.64,2.17
28,2022,maldivians_only,total,65.8,64.17,2.48,34.2,3.85,3.45,13.04,21.2,16.88
28,2022,maldivians_only,female,51.37,48.63,5.33,48.63,0.0,6.25,13.33,36.4,34.31
28,2022,maldivians_only,male,78.88,78.26,0.79,21.12,5.0,1.82,12.9,6.9,3.82
29,2022,all_residents,total,81.42,79.9,1.88,18.58,2.78,2.78,15.0,3.07,8.72
29,2022,all_residents,female,73.87,71.86,2.72,26.13,0.0,3.51,12.9,2.74,13.33
29,2022,all_residents,male,89.18,88.14,1.16,10.82,5.26,2.3,17.24,3.33,4.47
29,2022,maldivians_only,total,76.97,75.08,2.46,23.03,3.85,4.49,18.0,20.4,11.19
29,2022,maldivians_only,female,73.06,70.98,2.84,26.94,0.0,3.77,12.9,26.1,14.19
29,2022,maldivians_only,male,83.06,81.45,1.94,16.94,11.11,5.56,26.32,10.3,7.34
30,2022,all_residents,total,56.73,53.7,5.34,43.27,22.37,7.42,30.13,7.67,21.23
30,2022,all_residents,female,38.75,36.38,6.11,61.25,18.75,8.82,28.99,6.74,36.39
30,2022,all_residents,male,74.54,70.85,4.94,25.46,25.0,6.49,31.03,8.72,10.38
30,2022,maldivians_only,total,50.72,47.26,6.82,49.28,27.87,11.18,33.33,41.7,25.9
30,2022,maldivians_only,female,36.78,34.33,6.67,63.22,20.0,10.0,29.85,48.9,40.33
30,2022,maldivians_only,male,67.66,62.98,6.92,32.34,35.48,12.5,36.49,28.6,14.2
31,2022,all_residents,total,72.67,68.11,6.27,27.33,12.5,8.81,22.97,7.89,18.97
31,2022,all_residents,female,63.48,58.99,7.08,36.52,8.33,11.32,32.26,12.0,24.46
31,2022,all_residents,male,78.93,74.33,5.83,21.07,14.29,7.55,16.28,5.22,15.65
31,2022,maldivians_only,total,65.32,59.54,8.85,34.68,19.23,13.46,28.33,31.9,25.36
31,2022,maldivians_only,female,61.76,57.06,7.62,38.24,10.0,12.24,34.48,36.6,27.64
31,2022,maldivians_only,male,68.75,61.93,9.92,31.25,25.0,14.55,22.58,26.6,24.83
32,2022,all_residents,total,76.88,74.68,2.86,23.12,9.62,3.24,17.58,6.19,10.35
32,2022,all_residents,female,66.79,64.15,3.95,33.21,4.35,4.05,22.73,9.38,17.48
32,2022,all_residents,male,86.43,84.64,2.07,13.57,13.79,2.7,12.77,3.51,4.44
32,2022,maldivians_only,total,73.45,70.88,3.5,26.55,11.9,4.55,20.0,17.9,12.43
32,2022,maldivians_only,female,66.67,63.95,4.07,33.33,4.55,4.23,23.81,23.9,18.56
32,2022,maldivians_only,male,81.82,79.43,2.92,18.18,20.0,4.92,15.79,9.4,6.21
33,2022,all_residents,total,68.95,67.45,2.18,31.05,6.76,1.96,14.07,4.11,9.5
33,2022,all_residents,female,47.56,45.83,3.63,52.44,7.23,4.03,17.62,6.55,20.6
33,2022,all_residents,male,87.27,85.96,1.51,12.73,6.47,0.97,10.73,2.23,3.32
33,2022,maldivians_only,total,61.84,59.97,3.03,38.16,9.32,3.01,16.17,23.9,12.6
33,2022,maldivians_only,female,45.93,44.12,3.94,54.07,7.89,4.48,17.49,37.5,22.32
33,2022,maldivians_only,male,81.12,79.17,2.4,18.88,10.59,1.82,14.57,6.5,5.25
34,2022,all_residents,total,66.6,62.98,5.44,33.4,17.86,7.46,37.5,10.11,17.63
34,2022,all_residents,female,55.42,52.21,5.8,44.58,10.0,7.27,41.67,14.29,25.71
34,2022,all_residents,male,77.82,73.79,5.18,22.18,22.22,7.59,32.14,5.75,10.73
34,2022,maldivians_only,total,64.53,60.68,5.96,35.47,18.52,8.55,38.1,32.3,19.09
34,2022,maldivians_only,female,54.51,51.23,6.02,45.49,10.0,7.55,41.67,43.8,27.78
34,2022,maldivians_only,male,75.45,70.98,5.92,24.55,23.53,9.38,33.33,18.1,12.15
35,2022,all_residents,total,74.79,72.22,3.45,25.21,13.1,3.55,20.0,5.12,9.28
35,2022,all_residents,female,51.75,50.29,2.82,48.25,14.29,2.08,31.25,7.8,18.48
35,2022,all_residents,male,90.22,86.89,3.69,9.78,12.86,4.13,14.13,3.6,5.13
35,2022,maldivians_only,total,64.29,60.63,5.68,35.71,22.92,6.82,26.92,25.3,14.72
35,2022,maldivians_only,female,43.49,41.78,3.94,56.51,15.38,2.99,31.91,38.4,25.0
35,2022,maldivians_only,male,83.87,78.39,6.54,16.13,25.71,9.17,22.81,12.8,8.99
36,2022,all_residents,total,71.81,69.16,3.68,28.19,13.33,1.54,8.33,1.3,11.3
36,2022,all_residents,female,60.78,58.82,3.23,39.22,0.0,0.0,0.0,0.0,16.67
36,2022,all_residents,male,80.8,77.6,3.96,19.2,25.0,2.33,15.38,2.22,7.62
36,2022,maldivians_only,total,67.02,63.87,4.69,32.98,13.33,2.22,8.33,19.6,14.08
36,2022,maldivians_only,female,60.2,58.16,3.39,39.8,0.0,0.0,0.0,30.0,17.91
36,2022,maldivians_only,male,74.19,69.89,5.8,25.81,25.0,4.17,15.38,7.7,10.96
37,2022,all_residents,total,64.82,62.6,3.42,35.18,10.91,3.68,13.68,3.54,19.22
37,2022,all_residents,female,49.08,46.32,5.62,50.92,18.75,7.69,15.38,3.31,33.48
37,2022,all_residents,male,81.64,80.0,2.01,18.36,7.69,1.6,12.5,3.76,6.87
37,2022,maldivians_only,total,59.93,57.4,4.22,40.07,15.38,5.15,16.46,31.5,22.82
37,2022,maldivians_only,female,47.96,45.14,5.88,52.04,20.0,8.06,15.79,45.8,36.02
37,2022,maldivians_only,male,76.17,74.04,2.79,23.83,12.5,2.7,17.07,11.0,9.38
38,2022,all_residents,total,73.08,70.51,3.51,26.92,0.0,2.78,17.31,4.69,10.57
38,2022,all_residents,female,63.36,58.78,7.23,36.64,0.0,8.82,29.41,8.0,17.2
38,2022,all_residents,male,80.11,79.01,1.38,19.89,0.0,0.0,11.43,2.56,6.54
38,2022,maldivians_only,total,66.4,63.2,4.82,33.6,0.0,4.48,20.45,23.0,14.13
38,2022,maldivians_only,female,62.2,57.48,7.59,37.8,0.0,9.68,29.41,34.0,19.28
38,2022,maldivians_only,male,70.73,69.11,2.3,29.27,0.0,0.0,14.81,10.0,10.53
39,2022,all_residents,total,53.67,50.83,5.28,46.33,15.38,3.9,34.21,12.0,25.43
39,2022,all_residents,female,41.42,39.05,5.71,58.58,13.33,1.72,49.23,16.78,36.54
39,2022,all_residents,male,69.47,66.03,4.95,30.53,16.67,5.21,14.29,5.61,13.93
39,2022,maldivians_only,total,50.89,47.87,5.92,49.11,16.67,4.55,35.14,43.0,27.81
39,2022,maldivians_only,female,40.48,38.07,5.97,59.52,13.33,1.79,49.23,58.9,39.18
39,2022,maldivians_only,male,65.67,61.8,5.88,34.33,19.05,6.58,15.22,17.2,16.28
40,2022,all_residents,total,70.47,68.01,3.49,29.53,15.79,6.45,28.3,5.0,15.79
40,2022,all_residents,female,64.78,62.61,3.36,35.22,16.67,6.78,29.63,6.52,21.74
40,2022,all_residents,male,76.5,73.73,3.61,23.5,14.29,6.15,26.92,2.94,9.6
40,2022,maldivians_only,total,66.67,63.89,4.17,33.33,20.0,8.0,30.61,27.9,18.39
40,2022,maldivians_only,female,63.18,60.91,3.6,36.82,20.0,7.27,32.0,36.4,23.67
40,2022,maldivians_only,male,71.02,67.61,4.8,28.98,20.0,8.89,29.17,12.5,12.5
41,2022,all_residents,total,68.99,67.35,2.37,31.01,11.76,2.41,15.24,5.48,7.22
41,2022,all_residents,female,56.78,55.42,2.39,43.22,11.11,2.6,19.47,8.16,9.92
41,2022,all_residents,male,80.38,78.48,2.36,19.62,12.2,2.28,10.31,2.82,5.34
41,2022,maldivians_only,total,64.41,62.52,2.92,35.59,13.33,3.32,15.84,20.8,8.79
41,2022,maldivians_only,female,56.06,54.67,2.47,43.94,11.54,2.7,19.64,28.2,10.47
41,2022,maldivians_only,male,74.38,71.9,3.33,25.62,14.71,4.07,11.11,9.2,7.45
42,2022,all_residents,total,60.73,60.12,1.0,39.27,1.89,0.79,22.4,5.12,10.36
42,2022,all_residents,female,35.28,34.97,0.87,64.72,6.25,1.72,26.53,6.42,25.49
42,2022,all_residents,male,77.53,76.72,1.04,22.47,0.0,0.52,19.74,4.48,4.53
42,2022,maldivians_only,total,49.69,48.9,1.58,50.31,2.86,1.46,26.17,31.8,15.22
42,2022,maldivians_only,female,32.91,32.59,0.97,67.09,7.14,2.08,27.66,43.4,27.34
42,2022,maldivians_only,male,65.85,64.62,1.87,34.15,0.0,1.12,25.0,22.0,7.89
43,2022,all_residents,total,70.7,70.06,0.9,29.3,4.17,0.63,16.98,3.83,5.17
43,2022,all_residents,female,45.78,45.78,0.0,54.22,0.0,0.0,38.89,10.2,11.63
43,2022,all_residents,male,84.26,83.28,1.17,15.74,4.76,0.81,5.71,1.49,3.05
43,2022,maldivians_only,total,60.23,59.37,1.44,39.77,6.67,1.33,20.45,22.0,8.04
43,2022,maldivians_only,female,40.79,40.79,0.0,59.21,0.0,0.0,41.18,33.3,13.89
43,2022,maldivians_only,male,75.38,73.85,2.04,24.62,7.69,2.08,7.41,13.8,5.26
44,2022,all_residents,total,62.42,56.81,8.98,37.58,22.89,12.98,34.55,11.52,20.22
44,2022,all_residents,female,45.3,39.76,12.23,54.7,16.67,17.65,36.25,13.56,28.26
44,2022,all_residents,male,76.77,71.11,7.37,23.23,26.42,10.38,32.94,9.76,15.79
44,2022,maldivians_only,total,56.65,50.19,11.41,43.35,27.94,17.62,38.0,41.0,24.86
44,2022,maldivians_only,female,44.09,38.42,12.85,55.91,17.24,18.75,36.71,49.7,32.83
44,2022,maldivians_only,male,69.97,62.66,10.45,30.03,35.9,16.67,39.44,30.1,21.57
45,2022,all_residents,total,73.54,65.7,10.67,26.46,20.0,12.35,30.16,7.81,16.29
45,2022,all_residents,female,56.68,49.2,13.21,43.32,0.0,15.25,34.62,8.43,25.2
45,2022,all_residents,male,85.71,77.61,9.46,14.29,25.93,10.68,27.03,7.34,11.45
45,2022,maldivians_only,total,67.31,57.62,14.4,32.69,23.33,16.95,32.76,30.4,21.51
45,2022,maldivians_only,female,54.49,46.63,14.43,45.51,0.0,16.98,34.62,36.4,31.0
45,2022,maldivians_only,male,79.78,68.31,14.38,20.22,31.82,16.92,31.25,23.9,17.22
46,2022,all_residents,total,66.27,65.47,1.2,33.73,4.76,1.3,33.33,5.7,8.12
46,2022,all_residents,female,48.62,47.71,1.89,51.38,0.0,2.08,50.0,7.5,15.45
46,2022,all_residents,male,79.86,79.15,0.88,20.14,5.88,0.94,23.33,4.42,4.27
46,2022,maldivians_only,total,56.89,55.87,1.79,43.11,5.88,2.22,36.36,30.2,11.69
46,2022,maldivians_only,female,44.55,43.56,2.22,55.45,0.0,2.5,50.0,43.1,18.1
46,2022,maldivians_only,male,70.0,68.95,1.5,30.0,7.69,2.0,26.92,14.0,7.09
47,2022,all_residents,total,68.44,67.62,1.2,31.56,0.0,0.0,34.21,4.76,14.06
47,2022,all_residents,female,50.0,50.0,0.0,50.0,0.0,0.0,35.0,9.09,25.0
47,2022,all_residents,male,81.69,80.28,1.72,18.31,0.0,0.0,33.33,1.64,8.06
47,2022,maldivians_only,total,59.9,58.85,1.74,40.1,0.0,0.0,39.39,32.4,19.29
47,2022,maldivians_only,female,47.96,47.96,0.0,52.04,0.0,0.0,35.0,46.5,26.56
47,2022,maldivians_only,male,72.34,70.21,2.94,27.66,0.0,0.0,46.15,12.9,13.16
48,2022,all_residents,total,60.6,57.73,4.73,39.4,11.39,4.18,30.51,11.43,14.43
48,2022,all_residents,female,42.28,38.73,8.38,57.72,22.22,9.33,42.86,17.72,25.0
48,2022,all_residents,male,75.73,73.43,3.04,24.27,5.77,1.83,21.0,6.25,8.83
48,2022,maldivians_only,total,55.05,51.77,5.95,44.95,15.0,5.85,34.18,38.3,17.71
48,2022,maldivians_only,female,40.93,37.31,8.86,59.07,24.0,9.72,44.0,52.3,28.18
48,2022,maldivians_only,male,69.5,66.58,4.2,30.5,8.57,3.03,25.3,21.3,11.93
49,2022,all_residents,total,70.56,66.67,5.52,29.44,15.79,6.9,32.0,10.81,17.22
49,2022,all_residents,female,60.0,57.22,4.63,40.0,18.75,7.5,37.14,14.29,23.7
49,2022,all_residents,male,78.79,74.03,6.04,21.21,13.64,6.58,27.5,8.24,12.76
49,2022,maldivians_only,total,66.39,61.94,6.69,33.61,20.0,8.99,35.82,31.4,20.36
49,2022,maldivians_only,female,58.62,55.75,4.9,41.38,20.0,8.11,38.24,40.0,25.81
49,2022,maldivians_only,male,73.66,67.74,8.03,26.34,20.0,9.62,33.33,23.0,16.56
50,2022,all_residents,total,65.43,61.77,5.6,34.57,15.91,7.29,21.76,6.9,14.72
50,2022,all_residents,female,46.65,43.31,7.17,53.35,13.64,7.98,24.56,8.89,24.59
50,2022,all_residents,male,80.73,76.81,4.86,19.27,17.27,6.98,19.27,5.58,9.26
50,2022,maldivians_only,total,58.84,54.46,7.44,41.16,22.22,10.24,25.24,29.0,18.9
50,2022,maldivians_only,female,43.6,40.04,8.16,56.4,20.93,9.04,28.38,40.2,29.0
50,2022,maldivians_only,male,74.38,69.16,7.01,25.62,22.89,10.97,22.42,18.6,13.11
51,2022,all_residents,total,58.85,56.99,3.17,41.15,4.55,2.48,34.38,11.76,22.9
51,2022,all_residents,female,40.88,38.51,5.79,59.12,11.11,4.76,56.52,20.75,41.24
51,2022,all_residents,male,74.14,72.7,1.94,25.86,2.86,1.68,14.0,4.55,10.28
51,2022,maldivians_only,total,52.17,50.0,4.17,47.83,5.41,3.54,37.08,39.5,28.31
51,2022,maldivians_only,female,39.37,36.93,6.19,60.63,11.11,5.13,56.52,59.2,44.69
51,2022,maldivians_only,male,66.04,64.15,2.86,33.96,3.57,2.7,16.28,16.1,14.57
52,2022,all_residents,total,63.22,62.11,1.74,36.78,6.25,1.72,25.53,3.45,9.32
52,2022,all_residents,female,49.53,48.58,1.9,50.47,0.0,0.0,29.41,6.9,16.26
52,2022,all_residents,male,75.21,73.97,1.65,24.79,10.0,2.47,23.33,1.15,4.79
52,2022,maldivians_only,total,54.86,53.51,2.46,45.14,9.09,2.86,28.57,27.3,12.78
52,2022,maldivians_only,female,46.77,45.77,2.13,53.23,0.0,0.0,29.41,40.7,18.18
52,2022,maldivians_only,male,64.5,62.72,2.75,35.5,20.0,5.13,28.0,11.1,7.83
53,2022,all_residents,total,69.44,66.32,4.5,30.56,7.32,6.08,17.27,4.96,11.6
53,2022,all_residents,female,55.82,52.8,5.41,44.18,12.12,6.31,26.15,8.98,18.87
53,2022,all_residents,male,80.1,76.9,4.0,19.9,4.08,5.96,9.46,2.12,7.13
53,2022,maldivians_only,total,64.07,60.4,5.73,35.93,8.96,8.26,19.35,26.9,14.49
53,2022,maldivians_only,female,54.04,50.9,5.81,45.96,12.5,6.73,26.56,36.3,21.11
53,2022,maldivians_only,male,73.95,69.76,5.67,26.05,5.71,9.42,11.67,17.3,9.97
54,2022,all_residents,total,68.88,65.8,4.47,31.12,8.51,5.98,19.79,6.61,12.88
54,2022,all_residents,female,53.28,50.36,5.48,46.72,8.33,8.62,27.03,10.42,21.14
54,2022,all_residents,male,81.34,78.13,3.94,18.66,8.57,4.76,15.25,3.82,7.9
54,2022,maldivians_only,total,63.5,59.89,5.69,36.5,12.12,8.59,23.17,25.7,16.0
54,2022,maldivians_only,female,52.24,49.25,5.71,47.76,8.33,8.93,27.03,36.2,22.98
54,2022,maldivians_only,male,75.19,70.93,5.67,24.81,14.29,8.33,20.0,13.0,11.17
55,2022,all_residents,total,52.09,49.65,4.68,47.91,20.45,5.88,36.59,10.56,28.79
55,2022,all_residents,female,34.33,33.08,3.62,65.67,17.65,7.81,49.18,15.58,43.64
55,2022,all_residents,male,67.61,64.13,5.14,32.39,22.22,5.0,24.19,5.95,19.18
55,2022,maldivians_only,total,47.91,45.26,5.54,52.09,25.0,7.69,39.13,43.1,32.58
55,2022,maldivians_only,female,33.59,32.32,3.76,66.41,18.75,8.33,50.0,57.3,45.58
55,2022,maldivians_only,male,62.28,58.23,6.5,37.72,30.0,7.29,27.27,25.8,23.33
56,2022,all_residents,total,48.34,42.6,11.87,51.66,31.71,12.73,47.19,15.71,28.78
56,2022,all_residents,female,29.52,25.55,13.43,70.48,31.58,10.0,48.0,18.0,43.69
56,2022,all_residents,male,67.26,59.73,11.18,32.74,31.82,14.29,46.15,13.19,19.64
56,2022,maldivians_only,total,43.48,37.2,14.44,56.52,37.14,17.07,50.6,54.0,33.62
56,2022,maldivians_only,female,27.6,23.53,14.75,72.4,31.58,11.11,48.0,60.4,51.14
56,2022,maldivians_only,male,61.66,52.85,14.29,38.34,43.75,21.74,54.55,44.8,24.44
57,2022,all_residents,total,55.98,53.94,3.65,44.02,10.71,5.88,28.85,9.02,22.27
57,2022,all_residents,female,35.46,33.33,6.0,64.54,28.57,9.09,50.0,19.57,37.33
57,2022,all_residents,male,70.3,68.32,2.82,29.7,4.76,5.0,15.62,3.45,15.34
57,2022,maldivians_only,total,46.45,43.97,5.34,53.55,15.0,9.38,34.09,35.8,29.94
57,2022,maldivians_only,female,31.06,28.79,7.32,68.94,28.57,10.0,50.0,54.5,44.44
57,2022,maldivians_only,male,60.0,57.33,4.44,40.0,7.69,9.09,20.83,19.6,22.52
58,2022,all_residents,total,60.33,58.34,3.3,39.67,7.17,3.98,18.43,5.84,12.15
58,2022,all_residents,female,42.14,39.99,5.09,57.86,6.62,6.0,19.06,6.75,21.88
58,2022,all_residents,male,77.11,75.26,2.39,22.89,7.57,3.01,17.79,5.1,6.44
58,2022,maldivians_only,total,52.05,49.62,4.66,47.95,10.36,6.51,21.02,34.2,16.51
58,2022,maldivians_only,female,40.14,37.9,5.57,59.86,7.83,6.65,20.1,42.6,24.58
58,2022,maldivians_only,male,67.28,64.61,3.97,32.72,13.08,6.37,22.12,21.9,10.4
59,2022,all_residents,total,73.47,69.72,5.11,26.53,12.5,7.36,27.94,8.54,12.39
59,2022,all_residents,female,58.82,56.47,4.0,41.18,9.09,8.51,28.12,12.5,15.79
59,2022,all_residents,male,83.2,78.52,5.63,16.8,15.38,6.9,27.78,6.3,10.67
59,2022,maldivians_only,total,68.17,63.66,6.61,31.83,15.0,11.01,31.67,30.3,15.67
59,2022,maldivians_only,female,57.06,54.6,4.3,42.94,9.52,9.09,29.03,36.2,17.48
59,2022,maldivians_only,male,77.6,71.35,8.05,22.4,21.05,12.31,34.48,25.0,14.91
60,2022,all_residents,total,62.81,59.66,5.01,37.19,14.95,6.2,22.6,7.76,12.53
60,2022,all_residents,female,42.33,39.51,6.68,57.67,13.36,8.99,23.28,10.37,20.94
60,2022,all_residents,male,79.74,76.33,4.28,20.26,16.25,4.93,21.87,5.9,8.35
60,2022,maldivians_only,total,54.57,50.75,7.0,45.43,18.71,10.08,25.09,33.5,17.05
60,2022,maldivians_only,female,41.33,38.51,6.83,58.67,14.34,9.56,23.99,41.7,22.94
60,2022,maldivians_only,male,70.28,65.27,7.12,29.72,23.53,10.56,26.5,22.8,13.52
61,2022,all_residents,total,57.4,52.81,8.0,42.6,11.86,7.87,26.15,9.66,22.91
61,2022,all_residents,female,42.11,39.23,6.82,57.89,12.5,7.25,36.07,10.84,31.38
61,2022,all_residents,male,74.86,68.31,8.76,25.14,11.43,8.26,17.39,8.06,16.11
61,2022,maldivians_only,total,52.29,47.14,9.84,47.71,15.91,10.94,29.57,50.8,27.15
61,2022,maldivians_only,female,40.83,37.9,7.19,59.17,12.5,7.81,36.07,61.5,34.4
61,2022,maldivians_only,male,68.38,60.14,12.06,31.62,20.0,14.06,22.22,29.1,21.52
62,2022,all_residents,total,54.72,53.49,2.25,45.28,4.84,2.96,17.72,4.18,14.29
62,2022,all_residents,female,33.72,32.4,3.91,66.28,7.32,4.57,22.82,4.99,29.82
62,2022,all_residents,male,78.67,77.54,1.43,21.33,3.61,2.06,13.17,3.26,4.18
62,2022,maldivians_only,total,48.75,47.4,2.77,51.25,6.52,3.8,19.72,36.2,17.48
62,2022,maldivians_only,female,32.09,30.81,3.97,67.91,7.32,4.48,22.82,52.4,32.16
62,2022,maldivians_only,male,72.57,71.12,2.01,27.43,5.88,3.25,16.3,10.1,5.79
63,2022,all_residents,total,71.12,68.2,4.1,28.88,18.52,7.22,26.32,6.25,10.22
63,2022,all_residents,female,61.57,59.26,3.76,38.43,18.18,4.55,16.0,4.35,12.93
63,2022,all_residents,male,81.63,78.06,4.38,18.37,18.75,9.43,34.38,8.47,7.83
63,2022,maldivians_only,total,69.25,66.15,4.48,30.75,20.0,8.14,27.27,29.9,11.11
63,2022,maldivians_only,female,59.51,57.07,4.1,40.49,18.18,4.88,16.0,37.9,14.5
63,2022,maldivians_only,male,80.22,76.37,4.79,19.78,21.43,11.11,36.67,19.6,8.55
64,2022,all_residents,total,60.79,57.8,4.91,39.21,9.52,5.46,21.8,4.95,14.29
64,2022,all_residents,female,41.52,37.89,8.73,58.48,15.79,8.55,26.0,5.24,26.28
64,2022,all_residents,male,76.78,74.32,3.2,23.22,6.82,4.02,19.28,4.73,7.95
64,2022,maldivians_only,total,54.91,51.47,6.28,45.09,13.33,7.91,25.22,35.8,17.77
64,2022,maldivians_only,female,39.14,35.34,9.69,60.86,17.65,9.62,27.08,50.0,30.94
64,2022,maldivians_only,male,70.69,67.59,4.39,29.31,10.71,6.71,23.88,20.0,10.71
65,2022,all_residents,total,54.69,51.88,5.14,45.31,12.33,5.42,23.48,6.82,20.62
65,2022,all_residents,female,34.85,32.02,8.14,65.15,15.07,8.54,29.79,9.53,38.04
65,2022,all_residents,male,76.5,73.72,3.64,23.5,9.59,3.57,15.92,3.51,8.31
65,2022,maldivians_only,total,50.49,47.41,6.1,49.51,14.63,6.82,25.16,38.5,23.74
65,2022,maldivians_only,female,34.32,31.45,8.36,65.68,15.28,8.85,29.95,54.5,41.01
65,2022,maldivians_only,male,71.68,68.32,4.68,28.32,13.73,5.15,18.52,12.0,10.54
66,2022,all_residents,total,70.8,67.48,4.68,29.2,19.23,4.04,19.78,5.42,11.0
66,2022,all_residents,female,57.92,55.06,4.93,42.08,25.0,6.17,29.73,7.03,16.86
66,2022,all_residents,male,82.33,78.6,4.52,17.67,15.62,2.82,12.96,4.03,6.89
66,2022,maldivians_only,total,64.78,60.77,6.19,35.22,28.57,6.57,24.32,29.5,14.26
66,2022,maldivians_only,female,56.95,54.01,5.16,43.05,25.0,6.49,29.73,38.2,18.38
66,2022,maldivians_only,male,74.58,69.23,7.17,25.42,33.33,6.67,18.92,13.4,10.78
67,2022,all_residents,total,55.63,54.5,2.02,44.37,6.67,2.38,17.57,5.81,8.33
67,2022,all_residents,female,39.82,38.94,2.22,60.18,9.09,3.7,25.71,9.57,14.56
67,2022,all_residents,male,72.02,70.64,1.91,27.98,5.26,1.39,10.26,1.28,4.35
67,2022,maldivians_only,total,50.5,49.25,2.49,49.5,8.0,3.03,18.84,29.0,10.09
67,2022,maldivians_only,female,39.01,38.12,2.3,60.99,9.09,3.77,25.71,38.7,15.31
67,2022,maldivians_only,male,65.14,63.43,2.63,34.86,7.14,2.17,11.76,11.5,5.93
68,2022,all_residents,total,82.19,81.28,1.11,17.81,6.25,0.0,8.0,0.0,1.66
68,2022,all_residents,female,75.25,75.25,0.0,24.75,0.0,0.0,7.69,0.0,0.0
68,2022,all_residents,male,88.14,86.44,1.92,11.86,11.11,0.0,8.33,0.0,2.86
68,2022,maldivians_only,total,78.09,76.97,1.44,21.91,7.69,0.0,9.09,10.0,2.14
68,2022,maldivians_only,female,74.23,74.23,0.0,25.77,0.0,0.0,7.69,12.8,0.0
68,2022,maldivians_only,male,82.72,80.25,2.99,17.28,16.67,0.0,11.11,6.5,4.41
69,2022,all_residents,total,61.95,60.77,1.9,38.05,5.26,0.95,27.5,6.16,14.88
69,2022,all_residents,female,48.62,48.62,0.0,51.38,0.0,0.0,41.67,9.68,24.79
69,2022,all_residents,male,77.22,74.68,3.28,22.78,9.09,2.0,6.25,0.0,5.6
69,2022,maldivians_only,total,57.0,55.67,2.34,43.0,7.14,1.23,31.43,32.0,17.73
69,2022,maldivians_only,female,47.75,47.75,0.0,52.25,0.0,0.0,41.67,38.0,25.44
69,2022,maldivians_only,male,70.49,67.21,4.65,29.51,16.67,3.7,9.09,13.3,7.87
70,2022,all_residents,total,67.09,67.09,0.0,32.91,0.0,0.0,30.43,8.86,8.72
70,2022,all_residents,female,55.37,55.37,0.0,44.63,0.0,0.0,41.67,12.2,9.46
70,2022,all_residents,male,79.65,79.65,0.0,20.35,0.0,0.0,18.18,5.26,8.16
70,2022,maldivians_only,total,61.81,61.81,0.0,38.19,0.0,0.0,30.43,28.1,10.87
70,2022,maldivians_only,female,52.25,52.25,0.0,47.75,0.0,0.0,41.67,36.1,10.77
70,2022,maldivians_only,male,73.86,73.86,0.0,26.14,0.0,0.0,18.18,17.9,10.96
71,2022,all_residents,total,60.06,59.76,0.51,39.94,0.0,0.0,17.14,0.82,16.6
71,2022,all_residents,female,41.94,41.29,1.54,58.06,0.0,0.0,21.05,1.79,32.63
71,2022,all_residents,male,76.3,76.3,0.0,23.7,0.0,0.0,12.5,0.0,5.71
71,2022,maldivians_only,total,54.23,53.87,0.65,45.77,0.0,0.0,16.67,25.3,20.31
71,2022,maldivians_only,female,41.06,40.4,1.61,58.94,0.0,0.0,16.67,38.9,34.07
71,2022,maldivians_only,male,69.17,69.17,0.0,30.83,0.0,0.0,16.67,7.3,8.0
72,2022,all_residents,total,55.97,51.88,7.32,44.03,6.67,7.0,44.12,7.64,27.96
72,2022,all_residents,female,32.88,29.45,10.42,67.12,20.0,11.76,55.56,11.27,49.41
72,2022,all_residents,male,78.91,74.15,6.03,21.09,0.0,4.55,31.25,4.11,13.49
72,2022,maldivians_only,total,49.01,44.27,9.68,50.99,7.14,10.0,45.45,41.2,34.5
72,2022,maldivians_only,female,30.5,26.95,11.63,69.5,20.0,13.33,55.56,55.2,56.0
72,2022,maldivians_only,male,72.32,66.07,8.64,27.68,0.0,7.5,33.33,21.3,18.68
73,2022,all_residents,total,61.43,58.33,5.04,38.57,20.0,4.72,27.45,6.94,21.97
73,2022,all_residents,female,50.7,49.3,2.75,49.3,9.09,4.17,28.57,6.58,28.86
73,2022,all_residents,male,72.68,67.8,6.71,27.32,28.57,5.17,26.67,7.35,15.76
73,2022,maldivians_only,total,57.48,54.07,5.94,42.52,23.81,5.81,29.79,34.7,25.09
73,2022,maldivians_only,female,49.76,48.34,2.86,50.24,9.09,4.26,28.57,40.0,30.28
73,2022,maldivians_only,male,67.06,61.18,8.77,32.94,40.0,7.69,30.77,26.5,20.0
74,2022,all_residents,total,68.18,64.77,5.0,31.82,10.81,6.31,27.87,8.57,11.97
74,2022,all_residents,female,48.1,44.3,7.89,51.9,14.29,12.9,40.62,18.33,20.45
74,2022,all_residents,male,84.54,81.44,3.66,15.46,8.7,3.75,13.79,1.25,7.6
74,2022,maldivians_only,total,60.28,56.03,7.06,39.72,12.9,10.29,30.91,33.0,16.4
74,2022,maldivians_only,female,45.7,41.72,8.7,54.3,14.29,13.79,40.62,50.0,24.0
74,2022,maldivians_only,male,77.1,72.52,5.94,22.9,11.76,7.69,17.39,7.7,12.04
75,2022,all_residents,total,70.18,68.42,2.5,29.82,15.79,3.19,20.59,5.36,11.36
75,2022,all_residents,female,59.87,58.6,2.13,40.13,10.0,2.22,21.05,6.45,16.36
75,2022,all_residents,male,82.81,80.47,2.83,17.19,22.22,4.08,20.0,4.0,6.36
75,2022,maldivians_only,total,67.43,65.52,2.84,32.57,16.67,3.8,21.21,18.6,12.76
75,2022,maldivians_only,female,58.55,57.24,2.25,41.45,10.0,2.27,21.05,26.2,17.48
75,2022,maldivians_only,male,79.82,77.06,3.45,20.18,25.0,5.71,21.43,5.6,7.69
76,2022,all_residents,total,70.43,69.82,0.87,29.57,1.81,0.7,22.03,5.05,7.76
76,2022,all_residents,female,47.73,47.12,1.29,52.27,0.99,0.49,24.85,9.36,16.52
76,2022,all_residents,male,86.61,86.0,0.71,13.39,3.08,0.79,17.95,2.05,3.82
76,2022,maldivians_only,total,56.06,55.15,1.63,43.94,2.91,1.52,28.25,36.6,13.72
76,2022,maldivians_only,female,38.78,38.06,1.87,61.22,2.04,0.77,35.9,55.2,22.75
76,2022,maldivians_only,male,75.32,74.19,1.5,24.68,3.7,2.01,19.81,11.9,7.82
77,2022,all_residents,total,69.53,64.81,6.79,30.47,26.67,8.97,38.46,8.91,17.93
77,2022,all_residents,female,58.18,55.45,4.69,41.82,0.0,3.12,30.77,6.12,20.78
77,2022,all_residents,male,79.67,73.17,8.16,20.33,57.14,13.04,46.15,11.54,15.89
77,2022,maldivians_only,total,64.14,58.59,8.66,35.86,28.57,12.07,40.0,35.8,22.15
77,2022,maldivians_only,female,56.6,53.77,5.0,43.4,0.0,3.33,30.77,36.2,22.86
77,2022,maldivians_only,male,72.83,64.13,11.94,27.17,66.67,21.43,50.0,35.3,22.37
78,2022,all_residents,total,58.9,56.45,4.16,41.1,9.0,4.72,18.8,6.25,12.14
78,2022,all_residents,female,40.44,38.33,5.2,59.56,8.03,5.24,22.94,8.19,20.17
78,2022,all_residents,male,79.59,76.75,3.57,20.41,9.75,4.39,13.84,4.09,6.89
78,2022,maldivians_only,total,54.12,51.37,5.08,45.88,10.84,6.17,20.4,31.1,14.53
78,2022,maldivians_only,female,39.59,37.44,5.42,60.41,8.15,5.49,23.12,41.7,21.82
78,2022,maldivians_only,male,74.29,70.7,4.83,25.71,13.67,6.81,16.54,14.2,9.22
79,2022,all_residents,total,49.16,44.29,9.92,50.84,15.91,8.33,38.94,12.03,34.43
79,2022,all_residents,female,33.0,28.54,13.53,67.0,16.0,9.59,43.28,14.71,51.68
79,2022,all_residents,male,69.84,64.44,7.73,30.16,15.79,7.23,32.61,7.29,17.81
79,2022,maldivians_only,total,45.2,39.94,11.63,54.8,16.28,9.92,39.29,49.4,38.57
79,2022,maldivians_only,female,31.99,27.46,14.17,68.01,16.0,9.86,43.28,60.1,57.48
79,2022,maldivians_only,male,64.68,58.36,9.77,35.32,16.67,10.0,33.33,24.7,21.89
80,2022,all_residents,total,65.38,63.91,2.26,34.62,8.11,4.35,11.32,4.51,10.0
80,2022,all_residents,female,52.78,52.22,1.05,47.22,0.0,0.0,13.04,3.8,14.55
80,2022,all_residents,male,79.75,77.22,3.17,20.25,13.04,7.84,10.0,5.56,6.15
80,2022,maldivians_only,total,64.31,62.77,2.39,35.69,8.33,4.76,11.54,33.6,10.53
80,2022,maldivians_only,female,52.27,51.7,1.09,47.73,0.0,0.0,13.04,47.4,15.09
80,2022,maldivians_only,male,78.52,75.84,3.42,21.48,13.64,8.7,10.34,12.2,6.61
81,2022,all_residents,total,60.19,58.75,2.4,39.81,8.51,4.5,17.7,6.57,12.88
81,2022,all_residents,female,48.74,48.05,1.41,51.26,4.0,3.53,20.63,7.36,19.85
81,2022,all_residents,male,72.96,70.66,3.15,27.04,13.64,5.22,14.0,5.56,6.73
81,2022,maldivians_only,total,57.57,56.02,2.7,42.43,8.89,5.52,18.02,37.1,14.26
81,2022,maldivians_only,female,48.01,47.31,1.46,51.99,4.0,3.75,20.63,48.4,20.72
81,2022,maldivians_only,male,69.36,66.76,3.75,30.64,15.0,7.23,14.58,18.1,7.97
82,2022,all_residents,total,66.47,64.39,3.12,33.53,9.52,2.65,20.59,4.14,20.22
82,2022,all_residents,female,54.75,53.07,3.06,45.25,0.0,4.17,35.71,6.49,29.63
82,2022,all_residents,male,79.75,77.22,3.17,20.25,15.38,1.54,10.0,1.47,10.95
82,2022,maldivians_only,total,61.19,58.74,4.0,38.81,11.11,3.8,22.58,29.4,24.32
82,2022,maldivians_only,female,53.49,51.74,3.26,46.51,0.0,4.35,35.71,40.5,31.75
82,2022,maldivians_only,male,72.81,69.3,4.82,27.19,20.0,3.03,11.76,5.7,15.05
83,2022,all_residents,total,65.04,63.17,2.88,34.96,15.15,3.61,16.35,6.42,11.13
83,2022,all_residents,female,54.64,52.79,3.4,45.36,25.0,4.71,24.56,9.4,18.11
83,2022,all_residents,male,77.36,75.47,2.44,22.64,5.88,2.75,6.38,2.59,4.38
83,2022,maldivians_only,total,62.44,60.43,3.22,37.56,15.62,4.32,16.5,26.6,12.33
83,2022,maldivians_only,female,54.16,52.28,3.47,45.84,25.0,4.88,24.56,37.7,18.97
83,2022,maldivians_only,male,73.72,71.53,2.97,26.28,6.25,3.75,6.52,8.0,5.31
84,2022,all_residents,total,71.52,71.08,0.62,28.48,0.0,0.0,19.23,4.09,9.55
84,2022,all_residents,female,65.02,64.61,0.63,34.98,0.0,0.0,24.14,5.43,12.29
84,2022,all_residents,male,79.05,78.57,0.6,20.95,0.0,0.0,13.04,2.53,6.78
84,2022,maldivians_only,total,66.32,65.8,0.79,33.68,0.0,0.0,20.83,20.5,11.89
84,2022,maldivians_only,female,62.56,62.11,0.7,37.44,0.0,0.0,24.14,24.7,13.58
84,2022,maldivians_only,male,71.79,71.15,0.89,28.21,0.0,0.0,15.79,12.8,9.76
85,2022,all_residents,total,49.96,48.19,3.54,50.04,9.26,5.22,44.16,16.22,23.79
85,2022,all_residents,female,37.35,36.68,1.79,62.65,0.0,2.56,48.25,17.19,32.51
85,2022,all_residents,male,68.95,65.52,4.97,31.05,25.0,7.58,37.5,14.37,14.47
85,2022,maldivians_only,total,47.24,45.38,3.95,52.76,10.2,6.22,45.13,53.2,25.9
85,2022,maldivians_only,female,36.84,36.17,1.83,63.16,0.0,2.63,48.59,61.5,33.42
85,2022,maldivians_only,male,64.84,60.96,5.99,35.16,31.25,10.53,39.29,33.1,17.08
86,2022,all_residents,total,65.57,56.36,14.04,34.43,25.0,16.95,27.05,7.52,23.46
86,2022,all_residents,female,52.79,40.99,22.36,47.21,33.33,29.47,34.33,11.9,36.75
86,2022,all_residents,male,79.95,73.67,7.85,20.05,16.13,8.51,18.18,2.65,11.85
86,2022,maldivians_only,total,60.21,49.54,17.72,39.79,27.59,24.1,28.45,41.9,28.79
86,2022,maldivians_only,female,51.66,39.51,23.5,48.34,34.38,31.11,34.85,51.9,47.23
86,2022,maldivians_only,male,72.88,64.38,11.66,27.12,19.23,15.79,20.0,23.3,17.23
87,2022,all_residents,total,60.04,58.23,3.01,39.96,6.25,4.51,22.5,7.14,13.67
87,2022,all_residents,female,45.77,44.62,2.52,54.23,7.14,5.0,35.14,10.11,19.44
87,2022,all_residents,male,72.7,70.31,3.29,27.3,5.56,4.3,11.63,4.67,10.04
87,2022,maldivians_only,total,54.18,52.09,3.86,45.82,8.7,6.9,25.35,41.9,16.72
87,2022,maldivians_only,female,44.62,43.43,2.68,55.38,7.14,5.41,35.14,53.6,20.3
87,2022,maldivians_only,male,64.76,61.67,4.76,35.24,11.11,8.0,14.71,26.6,14.11
88,2022,all_residents,total,69.28,65.1,6.03,30.72,10.91,4.01,16.94,4.71,16.26
88,2022,all_residents,female,44.59,42.97,3.64,55.41,6.67,2.44,21.54,6.99,29.02
88,2022,all_residents,male,84.84,79.05,6.83,15.16,12.5,4.49,14.41,3.55,10.77
88,2022,maldivians_only,total,58.85,53.23,9.55,41.15,20.34,7.87,23.48,30.4,24.2
88,2022,maldivians_only,female,41.21,39.48,4.2,58.79,10.53,3.17,25.93,43.1,33.16
88,2022,maldivians_only,male,75.62,66.3,12.32,24.38,25.0,10.43,21.79,18.5,18.79
89,2022,all_residents,total,60.9,58.89,3.29,39.1,9.33,3.88,23.97,6.6,16.53
89,2022,all_residents,female,38.71,35.73,7.69,61.29,15.62,8.54,40.0,10.99,35.43
89,2022,all_residents,male,80.94,79.82,1.39,19.06,4.65,1.7,9.21,2.13,5.32
89,2022,maldivians_only,total,56.1,53.85,4.02,43.9,10.77,5.05,25.74,37.9,19.6
89,2022,maldivians_only,female,37.56,34.52,8.11,62.44,15.62,8.97,40.0,57.2,38.92
89,2022,maldivians_only,male,76.39,75.0,1.82,23.61,6.06,2.5,10.61,10.6,6.9
90,2022,all_residents,total,74.8,71.41,4.53,25.2,14.89,5.36,17.73,4.86,10.37
90,2022,all_residents,female,50.35,47.54,5.59,49.65,12.9,5.63,20.31,8.62,21.51
90,2022,all_residents,male,90.09,86.34,4.16,9.91,15.87,5.26,15.58,2.82,5.77
90,2022,maldivians_only,total,68.56,64.26,6.27,31.44,19.18,8.02,20.83,24.3,13.82
90,2022,maldivians_only,female,48.12,45.11,6.25,51.88,16.0,6.9,22.41,41.2,24.32
90,2022,maldivians_only,male,85.76,80.38,6.27,14.24,20.83,8.53,19.35,11.3,8.63
91,2022,all_residents,total,60.3,54.34,9.89,39.7,26.42,12.86,37.88,11.26,22.99
91,2022,all_residents,female,48.7,43.35,10.99,51.3,16.22,13.82,37.8,10.91,31.42
91,2022,all_residents,male,69.3,62.87,9.28,30.7,31.88,12.4,37.93,11.5,17.57
91,2022,maldivians_only,total,54.67,47.92,12.34,45.33,31.82,17.65,41.34,43.7,27.77
91,2022,maldivians_only,female,46.56,41.12,11.67,53.44,17.14,14.68,37.97,49.8,36.45
91,2022,maldivians_only,male,62.09,54.14,12.8,37.91,41.51,19.63,44.0,38.1,23.42
92,2022,all_residents,total,70.58,68.83,2.49,29.42,5.56,2.89,21.1,4.41,6.81
92,2022,all_residents,female,55.91,53.2,4.85,44.09,8.11,5.93,23.19,6.88,17.56
92,2022,all_residents,male,75.15,73.7,1.94,24.85,4.67,2.22,20.13,3.74,4.0
92,2022,maldivians_only,total,58.62,56.3,3.96,41.38,10.0,5.0,29.87,41.9,11.01
92,2022,maldivians_only,female,51.79,49.31,4.79,48.21,10.71,5.32,26.67,42.3,20.56
92,2022,maldivians_only,male,61.57,59.31,3.66,38.43,9.62,4.88,31.91,41.8,7.41
93,2022,all_residents,total,80.5,79.48,1.26,19.5,3.12,1.33,15.94,2.99,6.62
93,2022,all_residents,female,51.53,49.49,3.96,48.47,9.52,4.3,31.25,7.93,22.71
93,2022,all_residents,male,93.33,92.77,0.61,6.67,1.33,0.69,7.78,1.14,1.79
93,2022,maldivians_only,total,70.26,68.71,2.22,29.74,5.08,2.54,21.78,23.2,11.16
93,2022,maldivians_only,female,49.73,47.61,4.28,50.27,9.52,4.65,31.25,46.5,25.0
93,2022,maldivians_only,male,87.12,86.03,1.25,12.88,2.63,1.58,13.21,4.6,3.67
94,2022,all_residents,total,75.69,72.4,4.34,24.31,13.62,5.52,24.18,7.37,11.08
94,2022,all_residents,female,54.08,51.09,5.53,45.92,16.67,6.29,37.84,11.58,21.67
94,2022,all_residents,male,89.16,85.69,3.89,10.84,12.87,5.31,17.41,5.4,6.38
94,2022,maldivians_only,total,62.76,57.7,8.06,37.24,29.9,13.44,36.99,39.2,19.39
94,2022,maldivians_only,female,50.73,47.51,6.34,49.27,16.67,6.99,37.84,45.5,25.55
94,2022,maldivians_only,male,77.4,70.11,9.43,22.6,40.0,19.14,36.11,30.2,14.9
95,2022,all_residents,total,74.82,74.35,0.63,25.18,0.81,0.45,12.55,3.54,2.97
95,2022,all_residents,female,58.85,57.95,1.53,41.15,2.16,1.4,17.21,5.81,9.67
95,2022,all_residents,male,79.65,79.3,0.43,20.35,0.42,0.24,10.85,2.97,1.36
95,2022,maldivians_only,total,63.0,62.3,1.12,37.0,1.44,0.85,18.87,26.2,5.18
95,2022,maldivians_only,female,51.86,50.8,2.05,48.14,3.49,1.97,22.98,34.2,12.82
95,2022,maldivians_only,male,67.65,67.09,0.82,32.35,0.77,0.5,17.07,23.4,2.57
96,2022,all_residents,total,81.91,79.42,3.05,18.09,5.59,2.86,12.77,2.84,7.95
96,2022,all_residents,female,59.37,57.11,3.8,40.63,5.71,2.61,18.64,4.6,17.59
96,2022,all_residents,male,91.9,89.3,2.83,8.1,5.56,2.92,10.08,2.23,4.8
96,2022,maldivians_only,total,69.74,65.43,6.17,30.26,11.59,7.69,21.05,25.9,15.06
96,2022,maldivians_only,female,56.75,54.25,4.41,43.25,7.41,3.19,21.57,33.6,20.08
96,2022,maldivians_only,male,81.65,75.69,7.3,18.35,14.29,11.02,20.63,17.6,12.0
97,2022,all_residents,total,57.65,54.35,5.71,42.35,22.22,9.47,30.3,10.96,12.83
97,2022,all_residents,female,39.91,37.56,5.88,60.09,8.33,10.26,27.03,8.54,15.79
97,2022,all_residents,male,75.47,71.23,5.62,24.53,33.33,8.93,34.48,14.06,11.18
97,2022,maldivians_only,total,53.73,50.13,6.7,46.27,23.08,10.71,30.77,42.2,14.85
97,2022,maldivians_only,female,37.86,35.44,6.41,62.14,8.33,12.12,27.03,57.9,18.07
97,2022,maldivians_only,male,71.58,66.67,6.87,28.42,35.71,9.8,35.71,22.0,13.48
98,2022,all_residents,total,62.99,59.46,5.6,37.01,23.75,7.41,28.65,8.24,15.55
98,2022,all_residents,female,43.95,39.43,10.29,56.05,28.57,13.48,26.62,8.84,29.53
98,2022,all_residents,male,79.98,77.35,3.29,20.02,21.15,4.07,30.14,7.73,7.17
98,2022,maldivians_only,total,58.26,54.29,6.82,41.74,29.69,9.92,31.42,30.2,18.52
98,2022,maldivians_only,female,42.42,37.78,10.95,57.58,30.77,14.03,27.33,42.4,33.87
98,2022,maldivians_only,male,75.27,72.02,4.32,24.73,28.95,6.46,34.81,14.4,9.29
99,2022,all_residents,total,68.58,65.36,4.7,31.42,8.07,4.64,21.78,5.45,13.79
99,2022,all_residents,female,52.67,48.24,8.41,47.33,13.82,8.7,28.57,8.66,24.21
99,2022,all_residents,male,83.42,81.32,2.51,16.58,3.7,2.14,13.91,2.5,6.69
99,2022,maldivians_only,total,59.02,54.87,7.04,40.98,13.53,7.92,27.47,31.8,19.89
99,2022,maldivians_only,female,45.58,40.59,10.94,54.42,20.24,12.3,32.96,44.8,33.11
99,2022,maldivians_only,male,75.32,72.17,4.18,24.68,6.98,4.29,19.68,14.1,10.83
100,2022,all_residents,total,61.86,58.09,6.09,38.14,16.46,7.33,39.77,14.24,22.32
100,2022,all_residents,female,40.31,36.73,8.86,59.69,33.33,13.43,63.22,25.64,40.74
100,2022,all_residents,male,82.72,78.77,4.78,17.28,10.34,4.85,16.85,4.02,9.63
100,2022,maldivians_only,total,58.81,54.74,6.91,41.19,18.31,8.76,41.67,38.0,24.77
100,2022,maldivians_only,female,39.69,36.08,9.09,60.31,36.84,14.06,64.71,62.7,44.0
100,2022,maldivians_only,male,80.0,75.43,5.71,20.0,11.54,6.15,18.07,10.8,11.41
101,2022,all_residents,total,60.61,55.73,8.06,39.39,22.92,9.09,22.68,5.26,26.71
101,2022,all_residents,female,39.69,36.88,7.09,60.31,10.53,6.06,17.39,5.43,42.44
101,2022,all_residents,male,80.6,73.73,8.52,19.4,31.03,10.61,27.45,5.11,15.7
101,2022,maldivians_only,total,56.05,50.6,9.73,43.95,26.19,11.39,24.18,34.1,30.93
101,2022,maldivians_only,female,38.92,36.08,7.32,61.08,10.53,6.35,17.39,47.6,45.31
101,2022,maldivians_only,male,76.01,67.53,11.17,23.99,39.13,14.74,31.11,17.0,20.09
102,2022,all_residents,total,66.31,63.93,3.58,33.69,2.44,3.87,11.25,3.52,16.62
102,2022,all_residents,female,49.52,46.67,5.77,50.48,0.0,6.25,8.57,2.38,27.41
102,2022,all_residents,male,80.24,78.26,2.46,19.76,4.55,2.8,13.33,4.35,10.0
102,2022,maldivians_only,total,61.15,58.4,4.51,38.85,3.23,5.56,12.86,29.8,20.21
102,2022,maldivians_only,female,48.78,45.85,6.0,51.22,0.0,6.52,8.57,43.2,29.6
102,2022,maldivians_only,male,74.23,71.65,3.47,25.77,8.33,4.84,17.14,14.3,13.66
103,2022,all_residents,total,65.39,60.62,7.3,34.61,20.0,14.58,33.85,10.79,23.72
103,2022,all_residents,female,54.5,50.9,6.61,45.5,7.69,14.89,44.44,14.12,32.34
103,2022,all_residents,male,77.66,71.57,7.84,22.34,33.33,14.29,20.69,5.56,15.06
103,2022,maldivians_only,total,64.02,59.06,7.75,35.98,20.83,15.22,34.38,39.3,24.92
103,2022,maldivians_only,female,53.24,49.54,6.96,46.76,8.33,15.91,45.71,52.4,35.29
103,2022,maldivians_only,male,76.47,70.05,8.39,23.53,33.33,14.58,20.69,18.9,16.03
104,2022,all_residents,total,67.79,62.34,8.05,32.21,7.69,6.5,22.95,7.89,21.05
104,2022,all_residents,female,59.02,51.71,12.4,40.98,11.11,10.91,32.35,12.5,30.26
104,2022,all_residents,male,77.78,74.44,4.29,22.22,5.88,2.94,11.11,2.78,11.84
104,2022,maldivians_only,total,61.01,54.4,10.82,38.99,14.29,10.0,28.57,33.0,27.0
104,2022,maldivians_only,female,55.79,47.89,14.15,44.21,14.29,13.33,34.38,44.3,37.7
104,2022,maldivians_only,male,68.75,64.06,6.82,31.25,14.29,5.71,17.65,12.8,18.0
105,2022,all_residents,total,70.34,65.53,6.84,29.66,28.89,9.28,41.18,11.34,16.44
105,2022,all_residents,female,52.78,46.53,11.84,47.22,47.06,17.19,66.67,21.62,31.28
105,2022,all_residents,male,84.55,80.9,4.32,15.45,17.86,5.38,12.5,2.94,7.1
105,2022,maldivians_only,total,65.7,60.11,8.52,34.3,34.21,12.59,44.87,36.2,19.95
105,2022,maldivians_only,female,51.61,45.16,12.5,48.39,47.06,18.03,66.67,53.7,36.09
105,2022,maldivians_only,male,80.0,75.27,5.91,20.0,23.81,8.54,15.15,14.8,9.61
106,2022,all_residents,total,55.58,53.94,2.95,44.42,15.38,4.39,34.03,10.37,19.79
106,2022,all_residents,female,36.2,34.44,4.86,63.8,12.5,5.33,41.79,12.43,36.46
106,2022,all_residents,male,76.82,75.32,1.96,23.18,17.86,3.85,27.27,7.69,7.63
106,2022,maldivians_only,total,52.63,50.88,3.33,47.37,16.33,5.45,34.75,44.3,21.85
106,2022,maldivians_only,female,35.77,33.99,4.97,64.23,12.5,5.48,41.79,59.9,38.26
106,2022,maldivians_only,male,73.53,71.81,2.33,26.47,20.0,5.43,28.38,17.1,9.01
107,2022,all_residents,total,83.09,77.21,7.08,16.91,15.79,11.67,22.22,6.35,14.63
107,2022,all_residents,female,83.33,79.17,5.0,16.67,0.0,10.0,0.0,0.0,13.64
107,2022,all_residents,male,82.95,76.14,8.22,17.05,20.0,12.5,27.27,9.76,15.19
107,2022,maldivians_only,total,77.0,69.0,10.39,23.0,21.43,17.07,27.27,18.2,20.69
107,2022,maldivians_only,female,81.4,76.74,5.71,18.6,0.0,10.53,0.0,9.5,16.22
107,2022,maldivians_only,male,73.68,63.16,14.29,26.32,30.0,22.73,35.29,26.1,25.0
108,2022,all_residents,total,59.36,55.15,7.1,40.64,14.41,8.53,23.91,5.92,20.49
108,2022,all_residents,female,40.85,37.17,9.02,59.15,12.28,8.57,26.56,7.58,31.62
108,2022,all_residents,male,81.05,76.21,5.97,18.95,16.39,8.51,20.59,3.96,12.33
108,2022,maldivians_only,total,55.85,51.28,8.2,44.15,16.83,10.37,25.82,37.7,23.14
108,2022,maldivians_only,female,39.91,36.17,9.38,60.09,12.96,8.93,27.2,50.7,35.0
108,2022,maldivians_only,male,77.59,71.87,7.37,22.41,21.28,11.54,23.86,17.9,14.99
109,2022,all_residents,total,53.72,51.12,4.84,46.28,14.29,3.88,40.34,9.22,23.23
109,2022,all_residents,female,33.18,31.76,4.26,66.82,16.67,4.0,56.86,11.36,40.79
109,2022,all_residents,male,74.41,70.62,5.1,25.59,13.51,3.82,27.94,7.02,11.31
109,2022,maldivians_only,total,45.54,42.48,6.73,54.46,23.33,6.08,48.48,45.2,30.05
109,2022,maldivians_only,female,31.81,30.36,4.55,68.19,16.67,4.35,58.0,58.2,43.66
109,2022,maldivians_only,male,64.36,59.08,8.21,35.64,27.78,7.59,38.78,21.5,17.51
110,2022,all_residents,total,66.0,63.08,4.43,34.0,13.53,5.35,22.86,6.72,12.98
110,2022,all_residents,female,46.34,43.47,6.19,53.66,16.35,7.39,28.87,10.46,23.28
110,2022,all_residents,male,82.77,79.8,3.58,17.23,11.05,4.4,16.36,3.76,7.2
110,2022,maldivians_only,total,57.96,54.35,6.22,42.04,18.04,9.04,27.0,35.7,17.69
110,2022,maldivians_only,female,42.64,39.62,7.09,57.36,21.31,9.42,33.07,50.1,27.85
110,2022,maldivians_only,male,75.39,71.13,5.65,24.61,15.04,8.75,20.0,17.0,11.12
111,2022,all_residents,total,60.81,58.18,4.32,39.19,10.53,5.92,20.0,6.39,21.74
111,2022,all_residents,female,43.25,42.46,1.83,56.75,0.0,3.39,25.0,7.76,33.95
111,2022,all_residents,male,79.01,74.49,5.73,20.99,17.39,7.53,15.22,4.85,12.14
111,2022,maldivians_only,total,56.92,54.02,5.1,43.08,11.43,7.2,20.69,35.6,24.61
111,2022,maldivians_only,female,40.83,40.0,2.04,59.17,0.0,3.7,25.0,50.0,36.49
111,2022,maldivians_only,male,75.48,70.19,7.01,24.52,20.0,9.86,16.28,16.0,14.62
112,2022,all_residents,total,63.49,62.85,1.0,36.51,3.85,2.33,10.71,1.2,14.09
112,2022,all_residents,female,43.75,43.0,1.71,56.25,0.0,4.62,14.29,1.55,29.51
112,2022,all_residents,male,83.94,83.42,0.62,16.06,6.67,0.93,7.14,0.83,2.72
112,2022,maldivians_only,total,58.11,57.37,1.27,41.89,5.56,3.81,10.67,32.8,17.06
112,2022,maldivians_only,female,41.42,40.63,1.91,58.58,0.0,5.56,12.5,48.3,31.98
112,2022,maldivians_only,male,79.26,78.6,0.84,20.74,12.5,1.96,8.57,4.7,3.69
113,2022,all_residents,total,66.78,65.57,1.82,33.22,0.0,0.65,16.42,2.99,12.73
113,2022,all_residents,female,49.47,48.06,2.86,50.53,0.0,2.04,25.0,5.32,24.86
113,2022,all_residents,male,83.56,82.53,1.23,16.44,0.0,0.0,10.26,0.93,3.98
113,2022,maldivians_only,total,60.99,59.55,2.36,39.01,0.0,1.01,20.0,30.6,15.7
113,2022,maldivians_only,female,47.6,46.13,3.1,52.4,0.0,2.22,25.93,47.8,26.67
113,2022,maldivians_only,male,77.78,76.39,1.79,22.22,0.0,0.0,14.29,3.5,5.71
114,2022,all_residents,total,72.13,70.08,2.84,27.87,0.0,2.47,11.54,1.12,12.76
114,2022,all_residents,female,52.08,51.04,2.0,47.92,0.0,0.0,25.0,3.57,24.62
114,2022,all_residents,male,85.14,82.43,3.17,14.86,0.0,3.28,5.56,0.0,6.87
114,2022,maldivians_only,total,64.55,61.9,4.1,35.45,0.0,4.0,17.65,17.2,17.02
114,2022,maldivians_only,female,46.43,45.24,2.56,53.57,0.0,0.0,28.57,30.8,28.85
114,2022,maldivians_only,male,79.05,75.24,4.82,20.95,0.0,6.25,10.0,6.3,10.23
115,2022,all_residents,total,69.99,68.33,2.37,30.01,6.45,3.55,26.81,7.52,14.65
115,2022,all_residents,female,55.35,53.7,2.97,44.65,11.76,5.83,41.43,12.95,25.0
115,2022,all_residents,male,83.24,81.56,2.01,16.76,4.44,2.42,11.76,2.74,7.01
115,2022,maldivians_only,total,66.26,64.37,2.85,33.74,8.51,4.78,30.08,31.7,17.02
115,2022,maldivians_only,female,54.47,52.77,3.12,45.53,11.76,6.19,41.43,48.4,26.38
115,2022,maldivians_only,male,79.12,77.03,2.64,20.88,6.67,3.76,15.09,10.3,9.04
116,2022,all_residents,total,77.28,76.19,1.41,22.72,3.33,2.44,10.71,3.24,6.67
116,2022,all_residents,female,62.13,61.13,1.6,37.87,6.25,2.9,18.0,6.52,9.36
116,2022,all_residents,male,87.79,86.64,1.31,12.21,2.27,2.26,4.84,1.61,5.29
116,2022,maldivians_only,total,70.82,69.4,2.01,29.18,4.35,4.38,12.37,18.5,9.3
116,2022,maldivians_only,female,59.86,58.78,1.8,40.14,7.14,3.77,18.75,26.7,10.56
116,2022,maldivians_only,male,81.63,79.86,2.16,18.37,3.12,4.76,6.12,11.8,8.5
117,2022,all_residents,total,71.65,69.78,2.61,28.35,5.56,3.49,30.56,5.61,12.84
117,2022,all_residents,female,63.23,61.29,3.06,36.77,10.0,5.41,37.5,7.69,17.39
117,2022,all_residents,male,79.52,77.71,2.27,20.48,0.0,2.04,16.67,3.64,9.15
117,2022,maldivians_only,total,68.66,66.55,3.08,31.34,7.14,4.69,34.38,24.1,14.48
117,2022,maldivians_only,female,62.59,60.54,3.26,37.41,11.11,6.06,39.13,30.4,18.1
117,2022,maldivians_only,male,75.18,72.99,2.91,24.82,0.0,3.23,22.22,16.2,11.5
118,2022,all_residents,total,76.51,75.84,0.88,23.49,0.0,0.0,0.0,0.0,8.13
118,2022,all_residents,female,57.89,56.14,3.03,42.11,0.0,0.0,0.0,0.0,20.0
118,2022,all_residents,male,88.04,88.04,0.0,11.96,0.0,0.0,0.0,0.0,2.41
118,2022,maldivians_only,total,65.69,64.71,1.49,34.31,0.0,0.0,0.0,8.8,13.16
118,2022,maldivians_only,female,52.0,50.0,3.85,48.0,0.0,0.0,0.0,15.8,25.0
118,2022,maldivians_only,male,78.85,78.85,0.0,21.15,0.0,0.0,0.0,0.0,4.65
119,2022,all_residents,total,87.56,86.22,1.52,12.44,6.25,3.19,4.76,1.02,3.48
119,2022,all_residents,female,79.01,77.78,1.56,20.99,0.0,3.12,14.29,3.03,4.55
119,2022,all_residents,male,92.36,90.97,1.5,7.64,8.33,3.23,0.0,0.0,2.96
119,2022,maldivians_only,total,82.61,80.75,2.26,17.39,11.11,4.92,7.14,9.2,5.11
119,2022,maldivians_only,female,77.63,76.32,1.69,22.37,0.0,3.45,16.67,6.7,5.0
119,2022,maldivians_only,male,87.06,84.71,2.7,12.94,16.67,6.25,0.0,11.4,5.26
120,2022,all_residents,total,,,,,,,,,
120,2022,all_residents,female,,,,,,,,,
120,2022,all_residents,male,,,,,,,,,
120,2022,maldivians_only,total,,,,,,,,,
120,2022,maldivians_only,female,,,,,,,,,
120,2022,maldivians_only,male,,,,,,,,,
121,2022,all_residents,total,,,,,,,,,
121,2022,all_residents,female,,,,,,,,,
121,2022,all_residents,male,,,,,,,,,
121,2022,maldivians_only,total,,,,,,,,,
121,2022,maldivians_only,female,,,,,,,,,
121,2022,maldivians_only,male,,,,,,,,,
122,2022,all_residents,total,,,,,,,,,
122,2022,all_residents,female,,,,,,,,,
122,2022,all_residents,male,,,,,,,,,
122,2022,maldivians_only,total,,,,,,,,,
122,2022,maldivians_only,female,,,,,,,,,
122,2022,maldivians_only,male,,,,,,,,,
123,2022,all_residents,total,65.58,64.86,1.1,34.42,3.57,1.08,8.89,1.65,10.5
123,2022,all_residents,female,43.52,41.67,4.26,56.48,7.69,3.7,5.0,2.0,22.41
123,2022,all_residents,male,79.76,79.76,0.0,20.24,0.0,0.0,12.0,1.41,5.63
123,2022,maldivians_only,total,54.59,53.62,1.77,45.41,5.88,1.89,11.76,28.8,15.91
123,2022,maldivians_only,female,42.31,40.38,4.55,57.69,9.09,4.0,5.56,40.4,24.53
123,2022,maldivians_only,male,66.99,66.99,0.0,33.01,0.0,0.0,18.75,12.1,10.39
124,2022,all_residents,total,72.08,71.17,1.27,27.92,3.92,1.27,17.11,5.47,9.06
124,2022,all_residents,female,63.83,62.55,2.0,36.17,3.7,1.43,22.5,8.26,14.04
124,2022,all_residents,male,81.68,81.19,0.61,18.32,4.17,1.14,11.11,2.17,4.09
124,2022,maldivians_only,total,68.56,67.53,1.5,31.44,4.26,1.61,18.06,25.1,10.58
124,2022,maldivians_only,female,63.04,61.74,2.07,36.96,3.7,1.49,22.5,35.8,14.72
124,2022,maldivians_only,male,76.58,75.95,0.83,23.42,5.0,1.75,12.5,6.6,5.51
125,2022,all_residents,total,61.33,59.02,3.77,38.67,11.59,6.64,15.29,4.7,12.45
125,2022,all_residents,female,45.53,44.83,1.54,54.47,7.41,1.98,14.74,5.08,17.42
125,2022,all_residents,male,80.69,76.39,5.32,19.31,14.29,9.41,16.0,4.3,8.48
125,2022,maldivians_only,total,56.14,53.51,4.69,43.86,14.29,9.14,16.56,34.0,15.13
125,2022,maldivians_only,female,44.54,43.83,1.61,55.46,7.41,2.06,14.74,40.4,18.31
125,2022,maldivians_only,male,74.5,68.84,7.6,25.5,20.69,16.0,19.35,23.3,11.96
126,2022,all_residents,total,68.77,66.09,3.9,31.23,17.33,6.84,24.07,8.21,9.09
126,2022,all_residents,female,61.73,60.14,2.57,38.27,10.26,4.35,24.14,7.97,9.31
126,2022,all_residents,male,77.15,73.17,5.16,22.85,25.0,9.59,24.0,8.59,8.88
126,2022,maldivians_only,total,66.43,63.54,4.34,33.57,17.57,7.84,24.22,30.9,10.06
126,2022,maldivians_only,female,61.25,59.64,2.62,38.75,10.26,4.4,24.14,35.3,9.72
126,2022,maldivians_only,male,73.48,68.86,6.29,26.52,25.71,12.84,24.32,22.2,10.73
127,2022,all_residents,total,76.05,74.65,1.83,23.95,2.7,0.66,5.71,1.69,5.59
127,2022,all_residents,female,68.02,67.01,1.49,31.98,7.14,0.0,10.34,2.56,7.69
127,2022,all_residents,male,82.83,81.12,2.07,17.17,0.0,1.03,2.44,1.01,4.06
127,2022,maldivians_only,total,70.99,69.3,2.38,29.01,3.23,1.01,6.25,17.7,7.17
127,2022,maldivians_only,female,66.67,65.61,1.59,33.33,7.14,0.0,10.34,26.4,8.27
127,2022,maldivians_only,male,75.9,73.49,3.17,24.1,0.0,2.0,2.86,5.8,6.15
128,2022,all_residents,total,71.97,68.39,4.97,28.03,18.18,7.59,23.46,7.18,13.35
128,2022,all_residents,female,63.08,60.57,3.98,36.92,15.0,5.06,23.81,5.74,16.34
128,2022,all_residents,male,83.04,78.12,5.91,16.96,20.83,10.13,23.08,9.2,10.26
128,2022,maldivians_only,total,68.53,64.51,5.86,31.47,22.22,10.17,26.03,33.7,15.5
128,2022,maldivians_only,female,60.69,58.02,4.4,39.31,18.75,6.06,26.32,38.5,18.54
128,2022,maldivians_only,male,79.57,73.66,7.43,20.43,25.0,15.38,25.71,25.0,12.74
129,2022,all_residents,total,65.06,62.55,3.86,34.94,13.33,2.72,32.81,6.47,22.54
129,2022,all_residents,female,47.83,46.52,2.73,52.17,0.0,0.0,30.3,8.42,35.93
129,2022,all_residents,male,81.05,77.42,4.48,18.95,21.05,4.12,35.48,4.72,12.33
129,2022,maldivians_only,total,58.66,55.69,5.06,41.34,16.67,4.12,36.21,35.1,27.88
129,2022,maldivians_only,female,46.43,45.09,2.88,53.57,0.0,0.0,30.3,43.5,37.97
129,2022,maldivians_only,male,73.89,68.89,6.77,26.11,30.77,8.0,44.0,22.0,17.88
130,2022,all_residents,total,69.16,64.82,6.28,30.84,13.98,8.13,22.56,5.9,17.37
130,2022,all_residents,female,56.29,52.99,5.85,43.71,13.89,9.18,23.81,4.86,22.37
130,2022,all_residents,male,82.04,76.65,6.57,17.96,14.04,7.43,21.43,6.83,13.51
130,2022,maldivians_only,total,65.83,61.0,7.34,34.17,16.25,9.8,25.0,27.4,19.91
130,2022,maldivians_only,female,54.94,51.54,6.18,45.06,15.15,9.78,25.0,35.5,24.64
130,2022,maldivians_only,male,78.62,72.1,8.29,21.38,17.02,9.82,25.0,18.4,16.74
131,2022,all_residents,total,59.96,56.74,5.37,40.04,12.2,6.21,33.33,9.84,21.01
131,2022,all_residents,female,49.6,47.62,4.0,50.4,0.0,4.84,23.68,7.22,25.93
131,2022,all_residents,male,70.61,66.12,6.36,29.39,20.83,7.23,40.38,12.5,16.92
131,2022,maldivians_only,total,55.48,51.9,6.45,44.52,13.89,7.44,35.29,32.5,24.43
131,2022,maldivians_only,female,48.79,46.77,4.13,51.21,0.0,4.92,23.68,37.5,27.45
131,2022,maldivians_only,male,63.82,58.29,8.66,36.18,26.32,10.0,44.68,26.0,22.15
132,2022,all_residents,total,75.74,72.77,3.92,24.26,13.04,5.41,16.67,1.2,14.53
132,2022,all_residents,female,68.81,66.97,2.67,31.19,15.38,2.94,18.75,2.33,17.98
132,2022,all_residents,male,83.87,79.57,5.13,16.13,10.0,7.5,14.29,0.0,10.84
132,2022,maldivians_only,total,73.08,69.78,4.51,26.92,13.04,5.97,16.67,15.8,16.45
132,2022,maldivians_only,female,66.67,64.71,2.94,33.33,15.38,3.03,18.75,21.4,20.0
132,2022,maldivians_only,male,81.25,76.25,6.15,18.75,10.0,8.82,14.29,8.8,12.86
133,2022,all_residents,total,73.12,70.24,3.93,26.88,12.07,5.49,26.11,6.9,14.23
133,2022,all_residents,female,57.17,54.56,4.56,42.83,13.95,5.37,35.96,10.78,22.49
133,2022,all_residents,male,84.53,81.47,3.63,15.47,10.96,5.56,18.42,4.2,9.62
133,2022,maldivians_only,total,66.14,62.49,5.52,33.86,16.28,8.42,30.64,29.5,19.16
133,2022,maldivians_only,female,55.84,53.11,4.88,44.16,14.63,5.97,36.78,36.0,24.71
133,2022,maldivians_only,male,76.75,72.14,6.01,23.25,17.78,10.43,24.42,22.1,15.29
134,2022,all_residents,total,50.71,47.1,7.12,49.29,20.51,8.92,34.29,9.73,25.0
134,2022,all_residents,female,32.76,30.75,6.14,67.24,25.0,7.14,38.33,12.32,37.43
134,2022,all_residents,male,72.32,66.78,7.66,27.68,15.79,9.9,28.89,6.72,15.72
134,2022,maldivians_only,total,44.82,40.77,9.02,55.18,24.24,12.84,36.36,50.7,30.12
134,2022,maldivians_only,female,31.78,29.74,6.42,68.22,25.0,7.55,38.33,60.0,40.25
134,2022,maldivians_only,male,64.6,57.52,10.96,35.4,23.08,17.86,33.33,33.8,21.69
135,2022,all_residents,total,64.26,62.29,3.06,35.74,9.26,3.1,20.0,5.08,13.3
135,2022,all_residents,female,41.05,39.53,3.7,58.95,8.33,1.96,19.23,4.76,26.65
135,2022,all_residents,male,81.9,79.59,2.82,18.1,9.72,3.46,20.51,5.25,6.91
135,2022,maldivians_only,total,56.43,54.02,4.27,43.57,13.51,5.33,24.22,31.5,17.8
135,2022,maldivians_only,female,39.44,37.87,3.98,60.56,8.57,2.15,19.48,42.8,29.01
135,2022,maldivians_only,male,74.22,70.93,4.43,25.78,17.95,7.28,28.57,19.9,10.6
136,2022,all_residents,total,67.68,65.82,2.75,32.32,5.61,2.71,16.75,4.96,12.21
136,2022,all_residents,female,43.99,41.47,5.71,56.01,11.43,7.02,29.76,9.95,30.42
136,2022,all_residents,male,84.48,83.08,1.66,15.52,2.78,1.22,7.08,1.75,3.26
136,2022,maldivians_only,total,56.28,53.74,4.5,43.72,9.68,5.41,21.71,34.4,18.68
136,2022,maldivians_only,female,42.41,39.81,6.11,57.59,13.79,8.0,32.05,51.0,33.22
136,2022,maldivians_only,male,72.99,70.54,3.36,27.01,6.06,3.28,10.81,9.5,6.51
137,2022,all_residents,total,71.85,69.26,3.61,28.15,0.0,4.4,11.54,0.91,12.21
137,2022,all_residents,female,60.0,57.69,3.85,40.0,0.0,2.56,20.0,1.79,20.21
137,2022,all_residents,male,82.86,80.0,3.45,17.14,0.0,5.77,6.25,0.0,5.88
137,2022,maldivians_only,total,68.88,65.98,4.22,31.12,0.0,5.19,12.5,20.0,14.05
137,2022,maldivians_only,female,58.87,56.45,4.11,41.13,0.0,2.7,20.0,28.3,22.09
137,2022,maldivians_only,male,79.49,76.07,4.3,20.51,0.0,7.5,7.14,9.5,7.29
138,2022,all_residents,total,50.8,47.48,6.53,49.2,20.0,7.46,47.36,15.71,27.55
138,2022,all_residents,female,28.03,25.64,8.52,71.97,14.29,7.95,56.25,19.74,48.21
138,2022,all_residents,male,73.6,69.35,5.78,26.4,22.94,7.25,38.7,11.25,14.98
138,2022,maldivians_only,total,48.06,44.6,7.21,51.94,22.0,8.17,48.97,47.0,29.93
138,2022,maldivians_only,female,27.24,24.91,8.55,72.76,14.55,7.6,56.56,66.5,51.63
138,2022,maldivians_only,male,70.81,66.11,6.64,29.19,26.32,8.45,41.2,22.6,16.97
139,2022,all_residents,total,67.32,61.11,9.22,32.68,20.0,7.45,15.91,5.0,28.08
139,2022,all_residents,female,47.45,35.77,24.62,52.55,33.33,18.42,23.81,8.33,55.05
139,2022,all_residents,male,83.43,81.66,2.13,16.57,11.11,0.0,8.7,1.67,8.61
139,2022,maldivians_only,total,63.5,56.57,10.92,36.5,23.08,8.97,16.67,26.9,32.02
139,2022,maldivians_only,female,45.86,33.83,26.23,54.14,33.33,20.0,23.81,45.6,67.42
139,2022,maldivians_only,male,80.14,78.01,2.65,19.86,14.29,0.0,9.52,4.3,10.57
140,2022,all_residents,total,55.1,51.7,6.17,44.9,17.95,8.78,20.16,5.56,23.44
140,2022,all_residents,female,39.43,35.9,8.94,60.57,26.67,11.9,24.24,7.65,38.02
140,2022,all_residents,male,72.93,69.67,4.47,27.07,12.5,6.61,15.87,2.94,11.18
140,2022,maldivians_only,total,51.15,47.44,7.27,48.85,23.33,10.91,21.67,34.2,26.59
140,2022,maldivians_only,female,38.1,34.47,9.52,61.9,26.67,12.66,24.24,46.7,42.13
140,2022,maldivians_only,male,68.14,64.31,5.63,31.86,20.0,9.3,18.52,13.9,13.83
141,2022,all_residents,total,58.31,57.26,1.81,41.69,9.38,2.23,24.27,6.25,13.14
141,2022,all_residents,female,43.53,43.32,0.5,56.47,0.0,1.47,23.53,7.43,21.79
141,2022,all_residents,male,75.9,73.85,2.7,24.1,14.29,2.7,25.0,4.84,5.88
141,2022,maldivians_only,total,56.23,55.12,1.97,43.77,11.11,2.6,25.77,36.8,14.2
141,2022,maldivians_only,female,42.76,42.54,0.51,57.24,0.0,1.52,24.0,51.4,22.49
141,2022,maldivians_only,male,73.52,71.27,3.07,26.48,18.75,3.41,27.66,15.8,6.64
142,2022,all_residents,total,73.17,72.15,1.39,26.83,9.52,1.58,16.95,3.12,10.58
142,2022,all_residents,female,46.7,45.69,2.17,53.3,11.76,3.51,21.43,5.62,28.0
142,2022,all_residents,male,90.85,89.83,1.12,9.15,8.0,0.75,12.9,1.48,2.57
142,2022,maldivians_only,total,63.89,62.5,2.17,36.11,15.38,2.52,23.81,22.9,15.73
142,2022,maldivians_only,female,44.02,42.93,2.47,55.98,13.33,3.77,24.0,38.8,31.25
142,2022,maldivians_only,male,84.66,82.95,2.01,15.34,18.18,1.52,23.53,2.9,4.58
143,2022,all_residents,total,74.79,71.99,3.75,25.21,15.62,3.88,29.51,7.94,11.68
143,2022,all_residents,female,64.71,63.53,1.82,35.29,5.88,2.5,26.47,10.34,14.96
143,2022,all_residents,male,83.96,79.68,5.1,16.04,26.67,4.76,33.33,5.88,9.15
143,2022,maldivians_only,total,71.92,68.77,4.39,28.08,16.13,4.82,30.0,24.5,13.49
143,2022,maldivians_only,female,64.46,63.25,1.87,35.54,5.88,2.5,26.47,32.8,15.57
143,2022,maldivians_only,male,80.13,74.83,6.61,19.87,28.57,6.98,34.62,14.6,11.72
144,2022,all_residents,total,63.92,56.89,11.01,36.08,15.28,7.98,26.4,7.3,22.92
144,2022,all_residents,female,51.1,43.89,14.11,48.9,22.73,9.46,40.38,9.68,33.96
144,2022,all_residents,male,75.64,68.77,9.09,24.36,12.0,7.19,16.44,5.33,14.59
144,2022,maldivians_only,total,60.13,52.33,12.98,39.87,18.33,10.49,29.2,28.8,26.4
144,2022,maldivians_only,female,50.0,42.58,14.84,50.0,23.81,10.14,41.18,37.3,39.78
144,2022,maldivians_only,male,70.89,62.67,11.59,29.11,15.38,10.75,19.35,19.2,18.3
145,2022,all_residents,total,59.95,58.39,2.61,40.05,4.49,2.78,32.0,8.29,12.99
145,2022,all_residents,female,44.37,42.61,3.97,55.63,6.67,4.07,34.62,8.76,22.68
145,2022,all_residents,male,73.61,72.22,1.89,26.39,3.39,2.11,29.9,7.86,6.96
145,2022,maldivians_only,total,55.91,54.18,3.09,44.09,5.33,3.48,34.78,38.0,15.1
145,2022,maldivians_only,female,42.91,41.09,4.24,57.09,7.14,4.46,35.53,52.5,24.74
145,2022,maldivians_only,male,68.91,67.27,2.37,31.09,4.26,2.86,34.12,22.0,8.64
146,2022,all_residents,total,63.06,61.07,3.15,36.94,13.04,3.85,19.75,7.5,11.23
146,2022,all_residents,female,44.26,42.75,3.41,55.74,3.03,3.76,22.76,9.59,20.73
146,2022,all_residents,male,80.92,78.48,3.01,19.08,18.64,3.89,16.67,5.43,5.36
146,2022,maldivians_only,total,59.22,57.01,3.72,40.78,17.39,4.98,21.82,30.7,13.06
146,2022,maldivians_only,female,43.1,41.55,3.6,56.9,3.85,4.13,24.14,46.3,22.29
146,2022,maldivians_only,male,77.11,74.18,3.79,22.89,25.58,5.56,19.23,10.6,6.71
147,2022,all_residents,total,59.18,56.63,4.31,40.82,20.0,4.44,35.0,10.32,18.98
147,2022,all_residents,female,51.0,48.5,4.9,49.0,15.38,2.56,34.29,12.5,23.02
147,2022,all_residents,male,67.71,65.1,3.85,32.29,25.0,5.88,36.0,8.06,15.54
147,2022,maldivians_only,total,52.27,49.24,5.78,47.73,25.0,6.9,38.89,38.3,24.19
147,2022,maldivians_only,female,48.94,46.28,5.43,51.06,16.67,2.78,36.36,36.1,26.13
147,2022,maldivians_only,male,56.64,53.15,6.17,43.36,37.5,13.64,42.86,42.4,23.23
148,2022,all_residents,total,71.93,70.43,2.09,28.07,6.06,3.51,17.31,5.93,7.57
148,2022,all_residents,female,63.73,61.66,3.25,36.27,18.18,6.12,34.78,11.59,11.19
148,2022,all_residents,male,79.61,78.64,1.22,20.39,0.0,1.54,3.45,0.0,4.71
148,2022,maldivians_only,total,67.63,65.9,2.56,32.37,7.41,4.65,19.57,22.4,9.16
148,2022,maldivians_only,female,62.77,60.64,3.39,37.23,18.18,6.38,34.78,32.8,12.0
148,2022,maldivians_only,male,73.42,72.15,1.72,26.58,0.0,2.56,4.35,5.0,6.56
149,2022,all_residents,total,66.29,65.33,1.45,33.71,3.23,1.68,19.39,4.79,11.01
149,2022,all_residents,female,50.26,49.23,2.04,49.74,5.41,2.53,27.17,5.58,17.48
149,2022,all_residents,male,80.42,79.52,1.12,19.58,1.79,1.16,12.5,4.11,7.04
149,2022,maldivians_only,total,59.96,58.81,1.92,40.04,3.75,2.37,20.77,26.7,14.13
149,2022,maldivians_only,female,46.97,45.87,2.34,53.03,5.71,2.99,27.78,35.6,20.0
149,2022,maldivians_only,male,74.15,72.95,1.62,25.85,2.22,1.86,13.98,16.4,9.9
150,2022,all_residents,total,65.65,62.61,4.63,34.35,23.08,8.08,32.2,9.02,17.27
150,2022,all_residents,female,48.19,46.39,3.75,51.81,28.57,6.45,50.0,14.29,29.36
150,2022,all_residents,male,83.44,79.14,5.15,16.56,21.05,8.82,13.79,4.29,7.86
150,2022,maldivians_only,total,61.3,57.88,5.59,38.7,30.0,10.13,35.85,33.6,20.28
150,2022,maldivians_only,female,45.91,44.03,4.11,54.09,33.33,6.9,51.72,52.5,32.32
150,2022,maldivians_only,male,79.7,74.44,6.6,20.3,28.57,12.0,16.67,11.5,10.0
151,2022,all_residents,total,69.13,64.07,7.32,30.87,16.73,6.5,22.83,4.87,13.04
151,2022,all_residents,female,39.87,33.23,16.67,60.13,27.14,20.66,32.35,10.84,30.67
151,2022,all_residents,male,85.98,81.84,4.82,14.02,12.57,3.63,16.79,2.89,7.54
151,2022,maldivians_only,total,52.89,45.18,14.58,47.11,30.15,18.79,30.49,37.9,24.52
151,2022,maldivians_only,female,38.0,31.2,17.87,62.0,30.16,22.75,33.74,49.4,38.24
151,2022,maldivians_only,male,70.53,61.72,12.48,29.47,30.14,15.7,27.27,24.8,18.66
152,2022,all_residents,total,63.66,60.16,5.5,36.34,13.15,6.54,21.62,6.31,12.09
152,2022,all_residents,female,40.87,37.27,8.81,59.13,16.55,10.86,24.07,8.92,21.71
152,2022,all_residents,male,80.37,76.93,4.27,19.63,11.33,4.98,19.62,4.85,8.08
152,2022,maldivians_only,total,52.11,47.48,8.87,47.89,17.42,12.22,24.47,31.8,18.67
152,2022,maldivians_only,female,38.92,35.21,9.55,61.08,17.44,11.94,24.53,38.7,25.26
152,2022,maldivians_only,male,67.52,61.83,8.42,32.48,17.4,12.44,24.41,23.9,15.34
153,2022,all_residents,total,60.13,54.28,9.72,39.87,17.39,9.06,23.2,7.69,23.3
153,2022,all_residents,female,39.13,34.53,11.76,60.87,19.23,14.93,26.79,11.32,36.32
153,2022,all_residents,male,74.6,67.9,8.98,25.4,16.28,6.95,20.29,5.83,17.38
153,2022,maldivians_only,total,51.34,44.17,13.97,48.66,23.08,15.23,26.17,33.3,31.27
153,2022,maldivians_only,female,38.38,33.68,12.24,61.62,19.23,15.15,25.45,37.9,40.64
153,2022,maldivians_only,male,63.82,54.27,14.96,36.18,26.92,15.29,26.92,28.8,27.27
154,2022,all_residents,total,58.94,56.19,4.66,41.06,13.56,6.1,21.31,7.52,14.98
154,2022,all_residents,female,39.91,36.94,7.43,60.09,19.05,11.56,22.3,8.66,26.03
154,2022,all_residents,male,74.81,72.24,3.43,25.19,10.53,3.97,20.48,6.83,9.2
154,2022,maldivians_only,total,50.84,47.54,6.49,49.16,18.18,10.49,23.64,34.1,20.0
154,2022,maldivians_only,female,38.38,35.33,7.95,61.62,19.51,12.14,22.46,38.7,29.31
154,2022,maldivians_only,male,64.9,61.32,5.51,35.1,17.02,9.09,24.82,29.0,14.26
155,2022,all_residents,total,61.74,54.75,11.34,38.26,19.61,13.73,26.24,10.16,21.57
155,2022,all_residents,female,42.72,36.86,13.72,57.28,18.52,15.09,25.2,12.77,32.99
155,2022,all_residents,male,81.32,73.15,10.05,18.68,20.83,12.92,27.85,7.65,13.96
155,2022,maldivians_only,total,56.28,48.24,14.29,43.72,26.67,19.6,30.64,38.1,26.39
155,2022,maldivians_only,female,40.16,34.0,15.35,59.84,23.81,17.58,28.44,45.1,40.68
155,2022,maldivians_only,male,76.3,65.93,13.59,23.7,30.3,21.3,34.38,28.6,18.6
156,2022,all_residents,total,56.47,52.29,7.39,43.53,17.02,11.4,28.44,9.59,18.79
156,2022,all_residents,female,39.0,36.57,6.23,61.0,16.22,8.55,33.71,11.43,25.15
156,2022,all_residents,male,73.04,67.21,7.98,26.96,17.54,12.89,24.59,8.11,15.07
156,2022,maldivians_only,total,51.51,46.86,9.04,48.49,23.19,15.79,32.26,42.5,22.37
156,2022,maldivians_only,female,38.35,35.89,6.42,61.65,18.18,8.93,35.29,48.8,27.13
156,2022,maldivians_only,male,66.72,59.53,10.78,33.28,27.78,21.48,29.7,34.9,19.82
157,2022,all_residents,total,69.82,68.05,2.54,30.18,8.33,2.94,21.88,3.7,10.85
157,2022,all_residents,female,64.64,62.98,2.56,35.36,0.0,2.13,13.33,2.82,14.29
157,2022,all_residents,male,75.8,73.89,2.52,24.2,14.29,3.64,29.41,4.69,7.2
157,2022,maldivians_only,total,67.41,65.5,2.84,32.59,9.09,3.66,22.58,25.2,12.02
157,2022,maldivians_only,female,63.43,61.71,2.7,36.57,0.0,2.33,13.33,26.9,15.32
157,2022,maldivians_only,male,72.46,70.29,3.0,27.54,16.67,5.13,31.25,22.9,8.49
158,2022,all_residents,total,70.19,67.7,3.54,29.81,12.5,4.0,13.43,2.15,11.86
158,2022,all_residents,female,53.94,51.87,3.85,46.06,10.53,5.26,15.38,3.26,20.89
158,2022,all_residents,male,86.36,83.47,3.35,13.64,14.29,3.23,10.71,1.06,5.16
158,2022,maldivians_only,total,66.43,63.62,4.24,33.57,13.51,4.84,14.06,23.3,13.97
158,2022,maldivians_only,female,53.78,51.68,3.91,46.22,10.53,5.26,15.38,36.3,21.85
158,2022,maldivians_only,male,82.45,78.72,4.52,17.55,16.67,4.48,12.0,5.9,6.92
159,2022,all_residents,total,60.0,58.66,2.24,40.0,10.2,2.99,22.33,7.3,13.83
159,2022,all_residents,female,47.65,46.31,2.82,52.35,13.64,6.78,20.83,7.27,21.14
159,2022,all_residents,male,72.39,71.04,1.86,27.61,7.41,0.93,23.64,7.32,8.26
159,2022,maldivians_only,total,55.22,53.7,2.75,44.78,11.9,4.0,23.96,32.6,16.52
159,2022,maldivians_only,female,46.9,45.52,2.94,53.1,14.29,6.9,21.28,42.6,22.42
159,2022,maldivians_only,male,65.4,63.71,2.58,34.6,9.52,1.49,26.53,19.5,11.18
160,2022,all_residents,total,53.82,47.06,12.57,46.18,15.79,10.15,29.03,11.67,28.68
160,2022,all_residents,female,35.02,28.16,19.59,64.98,16.67,17.71,36.92,16.53,47.65
160,2022,all_residents,male,76.18,69.53,8.73,23.82,15.0,5.88,17.24,5.29,13.6
160,2022,maldivians_only,total,49.89,42.55,14.71,50.11,21.05,12.68,31.82,45.8,32.55
160,2022,maldivians_only,female,33.94,26.97,20.54,66.06,18.18,18.28,37.8,62.4,56.57
160,2022,maldivians_only,male,71.9,64.05,10.92,28.1,25.0,8.33,21.13,16.5,16.78
161,2022,all_residents,total,66.56,63.85,4.07,33.44,11.63,6.02,23.32,6.82,13.18
161,2022,all_residents,female,50.9,48.72,4.27,49.1,6.38,6.4,24.11,8.2,21.6
161,2022,all_residents,male,81.76,78.54,3.95,18.24,14.63,5.81,22.54,5.59,7.18
161,2022,maldivians_only,total,62.62,59.56,4.88,37.38,13.51,8.08,25.0,29.1,15.52
161,2022,maldivians_only,female,49.54,47.28,4.56,50.46,6.67,6.96,24.46,38.9,23.65
161,2022,maldivians_only,male,77.68,73.7,5.12,22.32,18.18,8.96,25.6,16.9,9.23
162,2022,all_residents,total,59.57,57.42,3.61,40.43,10.34,2.48,34.38,8.12,16.96
162,2022,all_residents,female,42.79,39.53,7.61,57.21,10.0,4.17,40.62,9.64,33.07
162,2022,all_residents,male,77.34,76.35,1.27,22.66,10.53,1.37,28.12,6.49,4.32
162,2022,maldivians_only,total,55.01,52.57,4.43,44.99,11.11,3.12,36.07,28.4,20.16
162,2022,maldivians_only,female,42.31,38.94,7.95,57.69,10.0,4.35,41.94,41.3,36.21
162,2022,maldivians_only,male,71.43,70.19,1.74,28.57,11.76,2.0,30.0,9.3,5.83
163,2022,all_residents,total,62.97,61.47,2.38,37.03,6.12,2.25,17.56,4.84,12.12
163,2022,all_residents,female,47.96,46.15,3.77,52.04,5.88,4.04,24.66,7.1,22.14
163,2022,all_residents,male,81.39,80.28,1.37,18.61,6.25,0.81,8.62,1.57,3.34
163,2022,maldivians_only,total,60.61,59.02,2.63,39.39,7.89,2.65,19.17,30.3,13.26
163,2022,maldivians_only,female,47.61,45.79,3.83,52.39,5.88,4.12,24.66,43.6,23.11
163,2022,maldivians_only,male,78.73,77.46,1.61,21.27,9.52,1.09,10.64,5.2,3.94
164,2022,all_residents,total,59.79,57.06,4.57,40.21,16.67,4.65,17.39,5.0,21.01
164,2022,all_residents,female,45.43,42.86,5.66,54.57,22.22,6.35,24.24,6.73,34.21
164,2022,all_residents,male,76.05,73.14,3.83,23.95,14.29,3.67,11.11,3.45,8.87
164,2022,maldivians_only,total,56.05,53.07,5.33,43.95,22.73,6.06,19.67,28.9,23.81
164,2022,maldivians_only,female,43.99,41.35,6.0,56.01,22.22,7.02,24.24,41.8,37.14
164,2022,maldivians_only,male,71.76,68.32,4.79,28.24,23.08,5.33,14.29,13.4,10.95
165,2022,all_residents,total,67.35,63.88,5.15,32.65,6.98,3.61,10.96,2.4,14.95
165,2022,all_residents,female,48.7,45.22,7.14,51.3,0.0,1.82,13.79,2.17,28.28
165,2022,all_residents,male,83.85,80.38,4.13,16.15,9.38,4.5,9.09,2.59,6.28
165,2022,maldivians_only,total,57.56,53.05,7.83,42.44,12.5,6.45,14.81,33.3,21.57
165,2022,maldivians_only,female,46.61,42.99,7.77,53.39,0.0,1.92,13.79,41.6,32.03
165,2022,maldivians_only,male,73.08,67.31,7.89,26.92,23.08,12.2,16.0,17.4,11.76
166,2022,all_residents,total,65.3,62.12,4.87,34.7,19.23,8.82,27.0,9.75,11.45
166,2022,all_residents,female,51.16,48.27,5.65,48.84,14.81,7.89,27.87,11.11,18.93
166,2022,all_residents,male,80.89,77.39,4.33,19.11,24.0,9.57,25.64,7.92,5.45
166,2022,maldivians_only,total,62.81,59.38,5.45,37.19,20.41,10.2,27.84,35.8,12.71
166,2022,maldivians_only,female,51.02,48.1,5.71,48.98,14.81,8.0,27.87,45.1,20.1
166,2022,maldivians_only,male,77.78,73.7,5.24,22.22,27.27,12.5,27.78,20.3,6.57
167,2022,all_residents,total,65.44,61.76,5.63,34.56,47.83,13.4,26.53,9.02,12.1
167,2022,all_residents,female,59.14,54.84,7.27,40.86,43.75,15.38,14.29,5.63,13.56
167,2022,all_residents,male,72.46,69.46,4.13,27.54,57.14,11.11,42.86,13.73,10.77
167,2022,maldivians_only,total,59.6,55.3,7.22,40.4,50.0,19.12,27.08,35.5,15.23
167,2022,maldivians_only,female,57.06,52.54,7.92,42.94,43.75,17.39,14.29,33.8,15.84
167,2022,maldivians_only,male,63.2,59.2,6.33,36.8,66.67,22.73,45.0,39.3,15.91
168,2022,all_residents,total,59.55,57.03,4.24,40.45,7.69,3.94,27.56,8.84,22.98
168,2022,all_residents,female,46.04,43.71,5.07,53.96,6.52,5.13,30.77,9.17,36.05
168,2022,all_residents,male,76.46,73.7,3.61,23.54,8.89,3.11,24.19,8.43,9.2
168,2022,maldivians_only,total,55.56,52.78,5.0,44.44,10.14,5.14,30.17,38.3,26.19
168,2022,maldivians_only,female,45.54,43.18,5.19,54.46,6.67,5.33,31.01,48.9,37.92
168,2022,maldivians_only,male,70.88,67.47,4.82,29.12,16.67,4.93,29.13,19.1,12.04
169,2022,all_residents,total,58.4,56.27,3.65,41.6,13.64,4.81,19.7,5.96,23.27
169,2022,all_residents,female,42.16,40.69,3.49,57.84,0.0,2.38,24.24,6.98,38.06
169,2022,all_residents,male,77.78,74.85,3.76,22.22,25.0,6.45,15.15,4.62,9.22
169,2022,maldivians_only,total,55.81,53.54,4.06,44.19,15.79,5.38,20.63,28.6,25.3
169,2022,maldivians_only,female,41.0,39.5,3.66,59.0,0.0,2.38,24.24,41.9,40.16
169,2022,maldivians_only,male,75.16,71.9,4.35,24.84,33.33,7.84,16.67,7.4,10.57
170,2022,all_residents,total,61.9,59.92,3.21,38.1,5.26,4.0,27.03,6.86,22.16
170,2022,all_residents,female,45.74,44.19,3.39,54.26,0.0,3.45,30.43,9.26,35.23
170,2022,all_residents,male,78.86,76.42,3.09,21.14,11.11,4.35,21.43,4.17,11.32
170,2022,maldivians_only,total,57.71,55.51,3.82,42.29,5.26,4.62,27.03,30.4,25.44
170,2022,maldivians_only,female,44.0,42.4,3.64,56.0,0.0,3.57,30.43,45.3,37.8
170,2022,maldivians_only,male,74.51,71.57,3.95,25.49,11.11,5.41,21.43,10.3,14.12
171,2022,all_residents,total,79.72,74.83,6.14,20.28,16.67,4.3,22.22,4.81,14.06
171,2022,all_residents,female,70.31,63.28,10.0,29.69,0.0,2.56,18.18,4.17,24.3
171,2022,all_residents,male,87.34,84.18,3.62,12.66,25.0,5.56,25.0,5.36,6.34
171,2022,maldivians_only,total,75.32,69.26,8.05,24.68,20.0,5.8,25.0,16.5,17.53
171,2022,maldivians_only,female,69.42,61.98,10.71,30.58,0.0,2.7,18.18,17.8,27.47
171,2022,maldivians_only,male,81.82,77.27,5.56,18.18,33.33,9.38,30.77,14.7,9.57
172,2022,all_residents,total,62.02,58.89,5.04,37.98,21.74,7.27,27.27,8.39,11.23
172,2022,all_residents,female,42.86,41.9,2.22,57.14,0.0,2.27,29.63,9.33,15.38
172,2022,all_residents,male,81.55,76.21,6.55,18.45,27.78,10.61,25.0,7.35,8.72
172,2022,maldivians_only,total,58.31,54.88,5.88,41.69,22.73,8.42,27.78,29.7,12.97
172,2022,maldivians_only,female,42.03,41.06,2.3,57.97,0.0,2.33,29.63,39.2,16.16
172,2022,maldivians_only,male,77.91,71.51,8.21,22.09,29.41,13.46,25.93,16.7,10.87
173,2022,all_residents,total,74.58,71.61,3.98,25.42,0.0,3.75,26.09,4.12,10.11
173,2022,all_residents,female,62.38,58.42,6.35,37.62,0.0,6.67,40.0,4.88,19.18
173,2022,all_residents,male,83.7,81.48,2.65,16.3,0.0,2.0,15.38,3.57,4.35
173,2022,maldivians_only,total,68.42,64.74,5.38,31.58,0.0,5.08,28.57,26.3,13.38
173,2022,maldivians_only,female,60.0,55.79,7.02,40.0,0.0,7.41,40.0,34.2,22.22
173,2022,maldivians_only,male,76.84,73.68,4.11,23.16,0.0,3.12,18.18,18.4,6.67
174,2022,all_residents,total,66.74,63.55,4.79,33.26,20.51,4.24,20.97,4.93,10.54
174,2022,all_residents,female,58.3,54.77,6.05,41.7,10.0,3.12,24.14,4.64,14.01
174,2022,all_residents,male,76.29,73.47,3.69,23.71,24.14,5.0,18.18,5.23,7.4
174,2022,maldivians_only,total,63.1,59.53,5.65,36.9,26.67,5.41,23.01,24.7,12.32
174,2022,maldivians_only,female,57.57,53.94,6.3,42.43,10.0,3.23,25.0,30.8,15.41
174,2022,maldivians_only,male,70.64,67.15,4.94,29.36,35.0,7.61,21.05,16.2,9.77
175,2022,all_residents,total,67.86,67.28,0.85,32.14,5.62,1.35,22.42,7.55,9.49
175,2022,all_residents,female,42.54,41.44,2.6,57.46,16.0,3.41,37.14,13.04,23.08
175,2022,all_residents,male,86.08,85.88,0.23,13.92,1.56,0.48,11.58,3.59,3.57
175,2022,maldivians_only,total,61.42,60.72,1.13,38.58,8.06,1.95,26.81,29.0,12.27
175,2022,maldivians_only,female,41.53,40.4,2.72,58.47,16.0,3.66,37.14,44.5,24.46
175,2022,maldivians_only,male,80.77,80.49,0.34,19.23,2.7,0.81,16.18,11.6,5.18
176,2022,all_residents,total,73.7,71.56,2.9,26.3,5.88,3.06,12.9,1.8,13.65
176,2022,all_residents,female,56.43,52.86,6.33,43.57,0.0,5.56,16.67,2.04,30.19
176,2022,all_residents,male,86.63,85.56,1.23,13.37,8.33,1.61,10.53,1.61,3.03
176,2022,maldivians_only,total,67.19,64.45,4.07,32.81,8.33,5.45,15.38,16.7,18.32
176,2022,maldivians_only,female,54.96,51.15,6.94,45.04,0.0,6.45,16.67,23.8,34.04
176,2022,maldivians_only,male,80.0,78.4,2.0,20.0,14.29,4.17,14.29,4.2,4.85
177,2022,all_residents,total,65.84,60.29,8.44,34.16,31.25,10.2,18.33,5.3,22.28
177,2022,all_residents,female,54.69,48.05,12.14,45.31,14.29,12.77,20.69,2.74,33.51
177,2022,all_residents,male,78.26,73.91,5.56,21.74,44.44,7.84,16.13,8.47,11.46
177,2022,maldivians_only,total,63.66,57.71,9.34,36.34,33.33,12.05,18.64,34.5,24.28
177,2022,maldivians_only,female,53.82,46.99,12.69,46.18,16.67,13.33,21.43,42.9,38.27
177,2022,maldivians_only,male,75.61,70.73,6.45,24.39,44.44,10.53,16.13,21.7,13.17
178,2022,all_residents,total,71.19,69.15,2.86,28.81,6.25,3.8,25.27,6.35,15.0
178,2022,all_residents,female,53.56,51.19,4.43,46.44,9.52,7.14,25.58,7.08,26.7
178,2022,all_residents,male,88.81,87.12,1.91,11.19,3.7,2.34,25.0,5.76,6.2
178,2022,maldivians_only,total,66.86,64.52,3.5,33.14,9.09,5.34,30.26,35.7,17.87
178,2022,maldivians_only,female,52.43,50.0,4.64,47.57,10.0,7.69,26.19,52.3,28.65
178,2022,maldivians_only,male,85.33,83.11,2.6,14.67,7.69,3.8,35.29,15.6,8.33
179,2022,all_residents,total,65.79,64.8,1.5,34.21,4.0,1.2,28.81,9.52,5.29
179,2022,all_residents,female,53.96,53.24,1.33,46.04,0.0,0.0,25.93,8.89,5.13
179,2022,all_residents,male,75.76,74.55,1.6,24.24,7.14,1.96,31.25,10.0,5.38
179,2022,maldivians_only,total,62.45,61.37,1.73,37.55,4.0,1.49,28.81,24.7,6.08
179,2022,maldivians_only,female,51.88,51.13,1.45,48.12,0.0,0.0,25.93,31.0,5.63
179,2022,maldivians_only,male,72.22,70.83,1.92,27.78,7.14,2.63,31.25,19.1,6.42
180,2022,all_residents,total,67.19,60.96,9.27,32.81,23.21,8.88,37.4,7.6,19.29
180,2022,all_residents,female,44.56,35.81,19.64,55.44,37.5,20.31,52.83,12.59,39.46
180,2022,all_residents,male,83.52,79.12,5.28,16.48,17.5,5.13,25.71,4.35,9.43
180,2022,maldivians_only,total,59.14,51.32,13.21,40.86,32.5,14.37,42.99,41.2,26.25
180,2022,maldivians_only,female,43.67,34.77,20.37,56.33,37.5,21.67,52.83,61.8,47.83
180,2022,maldivians_only,male,75.72,69.08,8.78,24.28,29.17,10.0,33.33,17.0,15.25
181,2022,all_residents,total,75.63,75.63,0.0,24.37,0.0,0.0,20.0,5.6,11.34
181,2022,all_residents,female,61.16,61.16,0.0,38.84,0.0,0.0,20.0,4.17,22.11
181,2022,all_residents,male,86.71,86.71,0.0,13.29,0.0,0.0,20.0,6.49,4.2
181,2022,maldivians_only,total,69.64,69.64,0.0,30.36,0.0,0.0,25.64,17.4,14.75
181,2022,maldivians_only,female,59.48,59.48,0.0,40.52,0.0,0.0,20.0,20.0,23.33
181,2022,maldivians_only,male,80.56,80.56,0.0,19.44,0.0,0.0,31.58,14.6,6.45
182,2022,all_residents,total,70.4,69.31,1.55,29.6,5.8,2.39,19.23,6.91,11.16
182,2022,all_residents,female,54.86,53.01,3.38,45.14,7.14,4.39,24.0,9.09,21.31
182,2022,all_residents,male,84.19,83.78,0.49,15.81,4.88,1.12,14.81,5.0,4.23
182,2022,maldivians_only,total,66.04,64.78,1.9,33.96,6.78,3.1,20.55,23.5,13.45
182,2022,maldivians_only,female,53.04,51.09,3.67,46.96,7.14,4.76,24.0,35.2,23.48
182,2022,maldivians_only,male,79.95,79.43,0.65,20.05,6.45,1.65,16.9,9.9,5.57
183,2022,all_residents,total,63.76,62.96,1.24,36.24,8.57,1.65,17.17,4.02,12.66
183,2022,all_residents,female,46.69,45.86,1.78,53.31,9.09,1.56,25.53,5.83,25.56
183,2022,all_residents,male,79.44,78.68,0.96,20.56,8.33,1.69,9.62,2.33,3.73
183,2022,maldivians_only,total,58.18,57.25,1.59,41.82,11.11,2.29,18.89,28.4,15.68
183,2022,maldivians_only,female,45.24,44.38,1.91,54.76,9.09,1.75,26.09,44.6,27.4
183,2022,maldivians_only,male,73.09,72.09,1.36,26.91,12.5,2.7,11.36,7.1,5.24
184,2022,all_residents,total,79.82,77.41,3.02,20.18,16.0,5.37,27.91,4.79,8.07
184,2022,all_residents,female,69.61,66.85,3.97,30.39,20.0,5.45,35.29,7.46,12.95
184,2022,all_residents,male,86.55,84.36,2.52,13.45,13.33,5.32,23.08,3.0,5.31
184,2022,maldivians_only,total,73.91,70.72,4.31,26.09,23.53,8.51,34.29,18.2,11.27
184,2022,maldivians_only,female,67.48,64.42,4.55,32.52,22.22,6.25,37.5,22.4,15.25
184,2022,maldivians_only,male,79.67,76.37,4.14,20.33,25.0,10.87,31.58,13.5,8.55
185,2022,all_residents,total,81.48,79.01,3.03,18.52,5.41,2.84,15.69,4.29,9.54
185,2022,all_residents,female,62.07,61.21,1.39,37.93,0.0,0.0,20.0,6.25,18.39
185,2022,all_residents,male,92.31,88.94,3.65,7.69,6.67,3.67,13.89,3.48,5.61
185,2022,maldivians_only,total,73.18,69.55,4.97,26.82,8.0,5.56,20.51,24.5,15.0
185,2022,maldivians_only,female,57.84,56.86,1.69,42.16,0.0,0.0,20.0,34.1,21.92
185,2022,maldivians_only,male,86.44,80.51,6.86,13.56,11.11,8.51,20.83,17.0,10.38
186,2022,all_residents,total,70.64,69.36,1.81,29.36,4.17,3.12,20.45,3.7,9.94
186,2022,all_residents,female,56.78,55.78,1.77,43.22,0.0,4.76,25.0,2.99,18.38
186,2022,all_residents,male,80.81,79.34,1.83,19.19,6.25,2.33,16.67,4.21,4.87
186,2022,maldivians_only,total,61.08,59.38,2.79,38.92,7.69,6.06,27.27,35.4,14.69
186,2022,maldivians_only,female,54.05,52.97,2.0,45.95,0.0,5.71,25.0,40.7,20.66
186,2022,maldivians_only,male,68.86,66.47,3.48,31.14,20.0,6.45,30.77,27.5,9.02
187,2022,all_residents,total,79.17,75.0,5.26,20.83,0.0,0.0,0.0,0.0,11.48
187,2022,all_residents,female,75.0,70.83,5.56,25.0,,0.0,,0.0,15.0
187,2022,all_residents,male,81.25,77.08,5.13,18.75,0.0,0.0,0.0,0.0,9.76
187,2022,maldivians_only,total,74.14,68.97,6.98,25.86,,0.0,,6.7,14.89
187,2022,maldivians_only,female,73.91,69.57,5.88,26.09,,0.0,,20.0,16.67
187,2022,maldivians_only,male,74.29,68.57,7.69,25.71,,0.0,,0.0,14.29
188,2022,all_residents,total,94.05,93.65,0.42,5.95,2.86,0.65,2.86,0.63,2.48
188,2022,all_residents,female,56.0,52.0,7.14,44.0,25.0,14.29,25.0,10.0,23.53
188,2022,all_residents,male,98.24,98.24,0.0,1.76,0.0,0.0,0.0,0.0,0.89
188,2022,maldivians_only,total,77.94,76.47,1.89,22.06,16.67,4.0,16.67,14.3,10.34
188,2022,maldivians_only,female,31.25,25.0,20.0,68.75,100.0,50.0,100.0,80.0,57.14
188,2022,maldivians_only,male,92.31,92.31,0.0,7.69,0.0,0.0,0.0,0.0,4.0
189,2022,all_residents,total,,,,,,,,,
189,2022,all_residents,female,,,,,,,,,
189,2022,all_residents,male,,,,,,,,,
189,2022,maldivians_only,total,,,,,,,,,
189,2022,maldivians_only,female,,,,,,,,,
189,2022,maldivians_only,male,,,,,,,,,
