cso_island_id,cso_id,island_id,island_name_matched,match_score
1,2591,63,Dhihdhoo,80
2,1368,63,Dhihdhoo,80
3,1347,63,Dhihdhoo,80
4,1044,63,Dhihdhoo,80
5,891,63,Dhihdhoo,80
6,485,63,Dhihdhoo,80
7,482,63,Dhihdhoo,80
8,481,63,Dhihdhoo,80
9,480,63,Dhihdhoo,80
10,479,63,Dhihdhoo,80
11,1324,63,Dhihdhoo,80
12,476,63,Dhihdhoo,80
13,2559,74,Utheemu,78
14,2466,74,Utheemu,78
15,538,74,Utheemu,78
16,2488,75,Vashafaru,82
17,2489,75,Vashafaru,82
18,2487,75,Vashafaru,82
19,2486,75,Vashafaru,82
20,204,75,Vashafaru,82
21,2464,66,Ihavandhoo,83
22,2459,66,Ihavandhoo,83
23,2337,66,Ihavandhoo,83
24,1778,66,Ihavandhoo,83
25,1073,66,Ihavandhoo,83
26,1072,66,Ihavandhoo,83
27,1071,66,Ihavandhoo,83
28,1069,66,Ihavandhoo,83
29,1070,66,Ihavandhoo,83
30,371,66,Ihavandhoo,83
31,329,66,Ihavandhoo,83
32,135,66,Ihavandhoo,83
33,134,66,Ihavandhoo,83
34,86,66,Ihavandhoo,83
35,2424,72,Thuraakunu,83
36,2422,72,Thuraakunu,83
37,2423,72,Thuraakunu,83
38,589,72,Thuraakunu,83
39,2331,72,Thuraakunu,83
40,2330,72,Thuraakunu,83
41,2329,72,Thuraakunu,83
42,2295,72,Thuraakunu,83
43,2103,62,Baarah,75
44,214,62,Baarah,75
45,213,62,Baarah,75
46,215,62,Baarah,75
47,1852,70,Muraidhoo,82
48,1851,70,Muraidhoo,82
49,746,70,Muraidhoo,82
50,736,70,Muraidhoo,82
51,1473,70,Muraidhoo,82
52,1471,70,Muraidhoo,82
53,262,70,Muraidhoo,82
54,1472,70,Muraidhoo,82
55,1281,64,Filladhoo,82
56,875,64,Filladhoo,82
57,701,64,Filladhoo,82
58,700,64,Filladhoo,82
59,339,64,Filladhoo,82
60,156,73,Uligamu,78
61,2638,86,Nolhivaramu,77
62,2038,86,Nolhivaramu,77
63,1950,86,Nolhivaramu,77
64,1384,86,Nolhivaramu,77
65,1206,86,Nolhivaramu,77
66,345,86,Nolhivaramu,77
67,290,86,Nolhivaramu,77
68,146,86,Nolhivaramu,77
69,2628,79,Kulhudhuffushi,85
70,2221,79,Kulhudhuffushi,85
71,2102,79,Kulhudhuffushi,85
72,1957,79,Kulhudhuffushi,85
73,1344,79,Kulhudhuffushi,85
74,1346,79,Kulhudhuffushi,85
75,1345,79,Kulhudhuffushi,85
76,1343,79,Kulhudhuffushi,85
77,1178,79,Kulhudhuffushi,85
78,1202,79,Kulhudhuffushi,85
79,866,79,Kulhudhuffushi,85
80,351,79,Kulhudhuffushi,85
81,130,79,Kulhudhuffushi,85
82,114,79,Kulhudhuffushi,85
83,112,79,Kulhudhuffushi,85
84,37,79,Kulhudhuffushi,85
85,5,79,Kulhudhuffushi,85
86,1536,79,Kulhudhuffushi,85
87,2479,88,Vaikaradhoo,81
88,2478,88,Vaikaradhoo,81
89,2477,88,Vaikaradhoo,81
90,1191,88,Vaikaradhoo,81
91,1075,88,Vaikaradhoo,81
92,2385,84,Nellaidhoo,80
93,2012,84,Nellaidhoo,80
94,1922,84,Nellaidhoo,80
95,1921,84,Nellaidhoo,80
96,1920,84,Nellaidhoo,80
97,1919,84,Nellaidhoo,80
98,1923,84,Nellaidhoo,80
99,2243,78,Hirimaradhoo,83
100,972,78,Hirimaradhoo,83
101,971,78,Hirimaradhoo,83
102,1291,77,Hanimaadhoo,81
103,912,77,Hanimaadhoo,81
104,2056,80,Kumundhoo,78
105,1350,80,Kumundhoo,78
106,1348,80,Kumundhoo,78
107,1949,87,Nolhivaranfaru,85
108,1377,87,Nolhivaranfaru,85
109,1936,85,Neykurendhoo,76
110,147,85,Neykurendhoo,76
111,1895,83,Naivaadhoo,80
112,1894,83,Naivaadhoo,80
113,1893,83,Naivaadhoo,80
114,1892,83,Naivaadhoo,80
115,1891,83,Naivaadhoo,80
116,1416,83,Naivaadhoo,80
117,1514,82,Makunudhoo,80
118,1513,82,Makunudhoo,80
119,1512,82,Makunudhoo,80
120,1511,82,Makunudhoo,80
121,216,82,Makunudhoo,80
122,2141,80,Kumundhoo,78
123,695,160,Feydhoo,78
124,696,160,Feydhoo,78
125,673,159,Feevah,75
126,672,159,Feevah,75
127,671,159,Feevah,75
128,155,159,Feevah,75
129,2128,159,Feevah,75
130,632,162,Funadhoo,80
131,166,162,Funadhoo,80
132,136,162,Funadhoo,80
133,2598,162,Funadhoo,80
134,2452,162,Funadhoo,80
135,2246,162,Funadhoo,80
136,1809,162,Funadhoo,80
137,781,162,Funadhoo,80
138,780,162,Funadhoo,80
139,779,162,Funadhoo,80
140,375,170,Narudhoo,80
141,326,170,Narudhoo,80
142,145,170,Narudhoo,80
143,1900,170,Narudhoo,80
144,140,165,Komandoo,76
145,443,165,Komandoo,76
146,1765,165,Komandoo,76
147,738,165,Komandoo,76
148,258,164,Kan'Ditheemu,81
149,2602,164,Kan'Ditheemu,81
150,1268,164,Kan'Ditheemu,81
151,1267,164,Kan'Ditheemu,81
152,1266,164,Kan'Ditheemu,81
153,731,164,Kan'Ditheemu,81
154,249,158,Bileiyfahi,83
155,106,158,Bileiyfahi,83
156,127,161,Foakaidhoo,83
157,723,161,Foakaidhoo,83
158,722,161,Foakaidhoo,83
159,131,163,Goidhoo,78
160,1470,167,Maaun'Goodhoo,83
161,2233,167,Maaun'Goodhoo,83
162,2227,167,Maaun'Goodhoo,83
163,1478,167,Maaun'Goodhoo,83
164,1477,167,Maaun'Goodhoo,83
165,768,167,Maaun'Goodhoo,83
166,2093,167,Maaun'Goodhoo,83
167,1219,168,Maroshi,78
168,1830,169,Milandhoo,82
169,1812,169,Milandhoo,82
170,1811,169,Milandhoo,82
171,1810,169,Milandhoo,82
172,1144,169,Milandhoo,82
173,1996,166,Lhaimagu,80
174,1395,166,Lhaimagu,80
175,1869,168,Maroshi,78
176,1322,165,Komandoo,80
177,2582,136,Velidhoo,84
178,2534,136,Velidhoo,84
179,2501,136,Velidhoo,84
180,2500,136,Velidhoo,84
181,2499,136,Velidhoo,84
182,2280,136,Velidhoo,84
183,2498,136,Velidhoo,84
184,2244,136,Velidhoo,84
185,1952,136,Velidhoo,84
186,2497,136,Velidhoo,84
187,1824,136,Velidhoo,84
188,2098,136,Velidhoo,84
189,2010,136,Velidhoo,84
190,1834,136,Velidhoo,84
191,1818,136,Velidhoo,84
192,1383,136,Velidhoo,84
193,1003,136,Velidhoo,84
194,899,136,Velidhoo,84
195,580,136,Velidhoo,84
196,385,136,Velidhoo,84
197,334,136,Velidhoo,84
198,279,136,Velidhoo,84
199,270,136,Velidhoo,84
200,88,136,Velidhoo,84
201,393,136,Velidhoo,84
202,87,136,Velidhoo,84
203,1813,136,Velidhoo,84
204,2224,131,Maafaru,82
205,2400,131,Maafaru,82
206,1444,131,Maafaru,82
207,1443,131,Maafaru,82
208,1094,131,Maafaru,82
209,1953,134,Manadhoo,84
210,1866,134,Manadhoo,84
211,2256,134,Manadhoo,84
212,1929,134,Manadhoo,84
213,1764,134,Manadhoo,84
214,1763,134,Manadhoo,84
215,1762,134,Manadhoo,84
216,294,134,Manadhoo,84
217,1382,50,Nilandhoo,84
218,1381,50,Nilandhoo,84
219,1380,50,Nilandhoo,84
220,1253,50,Nilandhoo,84
221,2229,134,Manadhoo,84
222,1808,135,Miladhoo,84
223,1807,135,Miladhoo,84
224,1806,135,Miladhoo,84
225,1175,135,Miladhoo,84
226,435,135,Miladhoo,84
227,2225,132,Maalhendhoo,88
228,2223,132,Maalhendhoo,88
229,2173,132,Maalhendhoo,88
230,1181,132,Maalhendhoo,88
231,2317,127,Ken'Dhikulhudhoo,88
232,2220,127,Ken'Dhikulhudhoo,88
233,2219,127,Ken'Dhikulhudhoo,88
234,2126,127,Ken'Dhikulhudhoo,88
235,1474,127,Ken'Dhikulhudhoo,88
236,1329,127,Ken'Dhikulhudhoo,88
237,1283,127,Ken'Dhikulhudhoo,88
238,1310,127,Ken'Dhikulhudhoo,88
239,139,127,Ken'Dhikulhudhoo,88
240,2187,130,Lhohi,77
241,1399,130,Lhohi,77
242,1398,130,Lhohi,77
243,1397,130,Lhohi,77
244,1135,130,Lhohi,77
245,1095,130,Lhohi,77
246,151,130,Lhohi,77
247,2303,130,Lhohi,77
248,1400,130,Lhohi,77
249,2594,128,Kudafari,84
250,2169,128,Kudafari,84
251,1328,128,Kudafari,84
252,1245,128,Kudafari,84
253,755,128,Kudafari,84
254,196,128,Kudafari,84
255,1978,126,Holhudhoo,86
256,1801,126,Holhudhoo,86
257,1000,126,Holhudhoo,86
258,999,126,Holhudhoo,86
259,998,126,Holhudhoo,86
260,997,126,Holhudhoo,86
261,243,126,Holhudhoo,86
262,242,126,Holhudhoo,86
263,1864,133,Magoodhoo,86
264,1500,133,Magoodhoo,86
265,1201,124,Fohdhoo,78
266,724,124,Fohdhoo,78
267,725,124,Fohdhoo,78
268,659,124,Fohdhoo,78
269,935,125,Hen'Badhoo,82
270,934,125,Hen'Badhoo,82
271,933,125,Hen'Badhoo,82
272,2472,151,Vaadhoo,82
273,2471,151,Vaadhoo,82
274,2469,151,Vaadhoo,82
275,2436,151,Vaadhoo,82
276,2458,157,Meedhoo,82
277,1792,157,Meedhoo,82
278,1789,157,Meedhoo,82
279,1209,157,Meedhoo,82
280,2057,157,Meedhoo,82
281,441,157,Meedhoo,82
282,2435,157,Meedhoo,82
283,1208,150,Un'Goofaaru,83
284,938,150,Un'Goofaaru,83
285,401,150,Un'Goofaaru,83
286,107,150,Un'Goofaaru,83
287,2292,142,In'Guraidhoo,85
288,586,142,In'Guraidhoo,85
289,2231,138,An'Golhitheemu,87
290,1306,138,An'Golhitheemu,87
291,1884,138,An'Golhitheemu,87
292,42,138,An'Golhitheemu,87
293,1883,138,An'Golhitheemu,87
294,2198,137,Alifushi,84
295,2053,137,Alifushi,84
296,111,137,Alifushi,84
297,71,137,Alifushi,84
298,70,137,Alifushi,84
299,69,137,Alifushi,84
300,68,137,Alifushi,84
301,67,137,Alifushi,84
302,66,137,Alifushi,84
303,65,137,Alifushi,84
304,1159,137,Alifushi,84
305,2178,144,Kinolhas,84
306,1190,144,Kinolhas,84
307,2085,149,Rasmaadhoo,87
308,2084,149,Rasmaadhoo,87
309,2083,149,Rasmaadhoo,87
310,1956,149,Rasmaadhoo,87
311,628,149,Rasmaadhoo,87
312,2078,148,Rasgetheemu,88
313,2077,148,Rasgetheemu,88
314,2079,148,Rasgetheemu,88
315,170,148,Rasgetheemu,88
316,2054,146,Maduvvari,86
317,1497,146,Maduvvari,86
318,783,146,Maduvvari,86
319,205,146,Maduvvari,86
320,9,146,Maduvvari,86
321,2016,145,Maakurathu,87
322,1451,145,Maakurathu,87
323,1449,145,Maakurathu,87
324,1186,145,Maakurathu,87
325,1390,141,Hulhudhuffaaru,90
326,1019,141,Hulhudhuffaaru,90
327,1018,141,Hulhudhuffaaru,90
328,1016,141,Hulhudhuffaaru,90
329,1017,141,Hulhudhuffaaru,90
330,491,141,Hulhudhuffaaru,90
331,1093,143,Innamaadhoo,88
332,1092,143,Innamaadhoo,88
333,366,143,Innamaadhoo,88
334,1090,142,In'Guraidhoo,85
335,1089,142,In'Guraidhoo,85
336,1088,142,In'Guraidhoo,85
337,1087,142,In'Guraidhoo,85
338,398,142,In'Guraidhoo,85
339,867,139,Dhuvaafaru,87
340,707,139,Dhuvaafaru,87
341,590,139,Dhuvaafaru,87
342,552,139,Dhuvaafaru,87
343,551,139,Dhuvaafaru,87
344,549,139,Dhuvaafaru,87
345,548,139,Dhuvaafaru,87
346,547,139,Dhuvaafaru,87
347,544,139,Dhuvaafaru,87
348,543,139,Dhuvaafaru,87
349,546,139,Dhuvaafaru,87
350,542,139,Dhuvaafaru,87
351,541,139,Dhuvaafaru,87
352,545,139,Dhuvaafaru,87
353,550,139,Dhuvaafaru,87
354,350,139,Dhuvaafaru,87
355,348,139,Dhuvaafaru,87
356,654,140,Fainu,77
357,399,140,Fainu,77
358,1450,145,Maakurathu,87
359,2601,27,Kendhoo,82
360,2396,27,Kendhoo,82
361,2301,27,Kendhoo,82
362,2019,27,Kendhoo,82
363,93,27,Kendhoo,82
364,1289,27,Kendhoo,82
365,554,27,Kendhoo,82
366,537,20,Dhonfanu,84
367,328,20,Dhonfanu,84
368,1990,28,Kihaadhoo,86
369,1300,28,Kihaadhoo,86
370,1299,28,Kihaadhoo,86
371,645,28,Kihaadhoo,86
372,2588,26,Kamadhoo,84
373,2216,26,Kamadhoo,84
374,1260,26,Kamadhoo,84
375,1199,26,Kamadhoo,84
376,2555,21,Eydhafushi,87
377,2456,21,Eydhafushi,87
378,2349,21,Eydhafushi,87
379,1899,21,Eydhafushi,87
380,1386,21,Eydhafushi,87
381,624,21,Eydhafushi,87
382,915,21,Eydhafushi,87
383,750,21,Eydhafushi,87
384,751,21,Eydhafushi,87
385,674,21,Eydhafushi,87
386,636,21,Eydhafushi,87
387,633,21,Eydhafushi,87
388,635,21,Eydhafushi,87
389,330,21,Eydhafushi,87
390,325,21,Eydhafushi,87
391,316,21,Eydhafushi,87
392,212,21,Eydhafushi,87
393,1637,21,Eydhafushi,87
394,612,21,Eydhafushi,87
395,2445,19,Dharavandhoo,89
396,1527,19,Dharavandhoo,89
397,164,19,Dharavandhoo,89
398,913,19,Dharavandhoo,89
399,467,19,Dharavandhoo,89
400,466,19,Dharavandhoo,89
401,210,19,Dharavandhoo,89
402,2419,31,Thulhaadhoo,88
403,2418,31,Thulhaadhoo,88
404,2417,31,Thulhaadhoo,88
405,2416,31,Thulhaadhoo,88
406,2415,31,Thulhaadhoo,88
407,2413,31,Thulhaadhoo,88
408,2334,31,Thulhaadhoo,88
409,47,31,Thulhaadhoo,88
410,914,31,Thulhaadhoo,88
411,863,31,Thulhaadhoo,88
412,264,31,Thulhaadhoo,88
413,208,31,Thulhaadhoo,88
414,1493,31,Thulhaadhoo,88
415,1984,25,Hithaadhoo,87
416,1962,25,Hithaadhoo,87
417,1065,25,Hithaadhoo,87
418,975,25,Hithaadhoo,87
419,974,25,Hithaadhoo,87
420,1458,30,Maalhos,82
421,1457,30,Maalhos,82
422,1455,30,Maalhos,82
423,1454,30,Maalhos,82
424,1157,30,Maalhos,82
425,1340,29,Kudarikilu,78
426,1339,29,Kudarikilu,78
427,1008,163,Goidhoo,82
428,862,163,Goidhoo,82
429,861,163,Goidhoo,82
430,772,23,Fulhadhoo,86
431,774,23,Fulhadhoo,86
432,773,23,Fulhadhoo,86
433,237,26,Kamadhoo,84
434,1854,19,Dharavandhoo,89
435,2636,111,Naifaru,78
436,2627,110,Kurendhoo,82
437,2556,109,Hinnavaru,82
438,2512,111,Naifaru,78
439,2390,111,Naifaru,78
440,2388,111,Naifaru,78
441,2222,110,Kurendhoo,82
442,2190,109,Hinnavaru,82
443,2156,111,Naifaru,78
444,2121,111,Naifaru,78
445,2071,110,Kurendhoo,82
446,1284,109,Hinnavaru,82
447,2037,109,Hinnavaru,82
448,1966,112,Olhuvelifushi,87
449,1890,111,Naifaru,78
450,1889,111,Naifaru,78
451,1887,111,Naifaru,78
452,1886,111,Naifaru,78
453,1776,112,Olhuvelifushi,87
454,1718,110,Kurendhoo,82
455,1392,110,Kurendhoo,82
456,1393,109,Hinnavaru,82
457,1394,110,Kurendhoo,82
458,1359,110,Kurendhoo,82
459,1358,110,Kurendhoo,82
460,1356,110,Kurendhoo,82
461,1355,110,Kurendhoo,82
462,1357,110,Kurendhoo,82
463,1285,109,Hinnavaru,82
464,1220,109,Hinnavaru,82
465,1217,111,Naifaru,78
466,1172,111,Naifaru,78
467,1097,109,Hinnavaru,82
468,1066,111,Naifaru,78
469,1888,111,Naifaru,78
470,965,109,Hinnavaru,82
471,964,109,Hinnavaru,82
472,966,109,Hinnavaru,82
473,963,109,Hinnavaru,82
474,962,109,Hinnavaru,82
475,961,109,Hinnavaru,82
476,960,109,Hinnavaru,82
477,959,109,Hinnavaru,82
478,958,109,Hinnavaru,82
479,957,109,Hinnavaru,82
480,937,109,Hinnavaru,82
481,900,110,Kurendhoo,82
482,921,109,Hinnavaru,82
483,868,109,Hinnavaru,82
484,839,112,Olhuvelifushi,87
485,758,110,Kurendhoo,82
486,709,109,Hinnavaru,82
487,708,111,Naifaru,78
488,667,109,Hinnavaru,82
489,648,111,Naifaru,78
490,658,109,Hinnavaru,82
491,649,111,Naifaru,78
492,642,110,Kurendhoo,82
493,606,109,Hinnavaru,82
494,583,111,Naifaru,78
495,1196,111,Naifaru,78
496,469,111,Naifaru,78
497,255,111,Naifaru,78
498,367,112,Olhuvelifushi,87
499,353,110,Kurendhoo,82
500,352,110,Kurendhoo,82
501,344,109,Hinnavaru,82
502,305,110,Kurendhoo,82
503,244,109,Hinnavaru,82
504,176,109,Hinnavaru,82
505,175,109,Hinnavaru,82
506,152,112,Olhuvelifushi,87
507,619,111,Naifaru,78
508,593,89,Dhiffushi,86
509,483,89,Dhiffushi,86
510,484,89,Dhiffushi,86
511,462,89,Dhiffushi,86
512,119,89,Dhiffushi,86
513,75,89,Dhiffushi,86
514,816,90,Gaafaru,82
515,815,90,Gaafaru,82
516,814,90,Gaafaru,82
517,813,90,Gaafaru,82
518,17,90,Gaafaru,82
519,812,90,Gaafaru,82
520,2595,91,Gulhi,77
521,880,91,Gulhi,77
522,882,91,Gulhi,77
523,881,91,Gulhi,77
524,879,91,Gulhi,77
525,132,91,Gulhi,77
526,2616,175,Guraidhoo,86
527,2162,175,Guraidhoo,86
528,1418,175,Guraidhoo,86
529,1242,175,Guraidhoo,86
530,1187,175,Guraidhoo,86
531,1197,175,Guraidhoo,86
532,887,175,Guraidhoo,86
533,885,175,Guraidhoo,86
534,2296,93,Hinmafushi,78
535,1817,93,Hinmafushi,78
536,1498,93,Hinmafushi,78
537,952,93,Hinmafushi,78
538,955,93,Hinmafushi,78
539,953,93,Hinmafushi,78
540,956,93,Hinmafushi,78
541,950,93,Hinmafushi,78
542,954,93,Hinmafushi,78
543,951,93,Hinmafushi,78
544,1246,95,Kaashidhoo,87
545,2620,95,Kaashidhoo,87
546,2502,95,Kaashidhoo,87
547,2450,95,Kaashidhoo,87
548,2441,95,Kaashidhoo,87
549,2215,95,Kaashidhoo,87
550,2214,95,Kaashidhoo,87
551,1251,95,Kaashidhoo,87
552,1250,95,Kaashidhoo,87
553,1249,95,Kaashidhoo,87
554,1248,95,Kaashidhoo,87
555,1247,95,Kaashidhoo,87
556,335,95,Kaashidhoo,87
557,1241,95,Kaashidhoo,87
558,1141,95,Kaashidhoo,87
559,782,95,Kaashidhoo,87
560,595,95,Kaashidhoo,87
561,558,95,Kaashidhoo,87
562,381,95,Kaashidhoo,87
563,373,95,Kaashidhoo,87
564,2338,95,Kaashidhoo,87
565,2050,95,Kaashidhoo,87
566,2560,95,Kaashidhoo,87
567,611,95,Kaashidhoo,87
568,345,95,Kaashidhoo,87
569,327,95,Kaashidhoo,87
570,97,95,Kaashidhoo,87
571,1051,94,Huraa,77
572,1050,94,Huraa,77
573,1049,94,Huraa,77
574,1048,94,Huraa,77
575,617,94,Huraa,77
576,2074,94,Huraa,77
577,1052,94,Huraa,77
578,1946,96,Maafushi,84
579,1447,96,Maafushi,84
580,1446,96,Maafushi,84
581,442,96,Maafushi,84
582,85,96,Maafushi,84
583,431,94,Huraa,77
584,2146,94,Huraa,77
585,2626,122,Maale,80
586,2624,122,Maale,80
587,2623,122,Maale,80
588,2622,122,Maale,80
589,2621,122,Maale,80
590,2618,122,Maale,80
591,2617,122,Maale,80
592,2613,122,Maale,80
593,2612,122,Maale,80
594,2608,122,Maale,80
595,2619,122,Maale,80
596,2593,122,Maale,80
597,2585,122,Maale,80
598,2583,122,Maale,80
599,2475,122,Maale,80
600,2625,122,Maale,80
601,2581,122,Maale,80
602,2579,122,Maale,80
603,2550,122,Maale,80
604,2580,122,Maale,80
605,2578,122,Maale,80
606,2577,122,Maale,80
607,2572,122,Maale,80
608,2564,122,Maale,80
609,2569,122,Maale,80
610,2570,122,Maale,80
611,2563,122,Maale,80
612,2562,122,Maale,80
613,2566,122,Maale,80
614,2565,122,Maale,80
615,2558,122,Maale,80
616,2557,122,Maale,80
617,2551,122,Maale,80
618,2540,122,Maale,80
619,2539,122,Maale,80
620,2549,122,Maale,80
621,2548,122,Maale,80
622,2547,122,Maale,80
623,2546,122,Maale,80
624,2544,122,Maale,80
625,2542,122,Maale,80
626,2541,122,Maale,80
627,519,122,Maale,80
628,2527,122,Maale,80
629,2517,122,Maale,80
630,2519,122,Maale,80
631,2518,122,Maale,80
632,2515,122,Maale,80
633,2514,122,Maale,80
634,2513,122,Maale,80
635,2511,122,Maale,80
636,2491,122,Maale,80
637,2490,122,Maale,80
638,2484,122,Maale,80
639,2483,122,Maale,80
640,2480,122,Maale,80
641,2476,122,Maale,80
642,2494,122,Maale,80
643,2493,122,Maale,80
644,2428,122,Maale,80
645,2467,122,Maale,80
646,2465,122,Maale,80
647,2063,122,Maale,80
648,2463,122,Maale,80
649,2462,122,Maale,80
650,2461,122,Maale,80
651,2457,122,Maale,80
652,2455,122,Maale,80
653,2453,122,Maale,80
654,2451,122,Maale,80
655,2447,122,Maale,80
656,2449,122,Maale,80
657,2454,122,Maale,80
658,2443,122,Maale,80
659,2440,122,Maale,80
660,2437,122,Maale,80
661,2434,122,Maale,80
662,2433,122,Maale,80
663,2430,122,Maale,80
664,2429,122,Maale,80
665,2427,122,Maale,80
666,2426,122,Maale,80
667,2421,122,Maale,80
668,2410,122,Maale,80
669,2409,122,Maale,80
670,2321,122,Maale,80
671,2407,122,Maale,80
672,2406,122,Maale,80
673,2405,122,Maale,80
674,2404,122,Maale,80
675,2403,122,Maale,80
676,2401,122,Maale,80
677,2399,122,Maale,80
678,2398,122,Maale,80
679,2397,122,Maale,80
680,2389,122,Maale,80
681,2387,122,Maale,80
682,2386,122,Maale,80
683,2420,122,Maale,80
684,2414,122,Maale,80
685,2412,122,Maale,80
686,2374,122,Maale,80
687,2373,122,Maale,80
688,2370,122,Maale,80
689,2368,122,Maale,80
690,2366,122,Maale,80
691,2365,122,Maale,80
692,2364,122,Maale,80
693,525,122,Maale,80
694,2360,122,Maale,80
695,2359,122,Maale,80
696,2358,122,Maale,80
697,477,122,Maale,80
698,2354,122,Maale,80
699,2352,122,Maale,80
700,2351,122,Maale,80
701,474,122,Maale,80
702,2350,122,Maale,80
703,2348,122,Maale,80
704,475,122,Maale,80
705,579,122,Maale,80
706,2347,122,Maale,80
707,2346,122,Maale,80
708,2345,122,Maale,80
709,2344,122,Maale,80
710,2343,122,Maale,80
711,2341,122,Maale,80
712,2340,122,Maale,80
713,2339,122,Maale,80
714,2336,122,Maale,80
715,2335,122,Maale,80
716,2328,122,Maale,80
717,2320,122,Maale,80
718,2319,122,Maale,80
719,2318,122,Maale,80
720,2139,122,Maale,80
721,2140,122,Maale,80
722,2304,122,Maale,80
723,2310,122,Maale,80
724,2313,122,Maale,80
725,2312,122,Maale,80
726,2311,122,Maale,80
727,2309,122,Maale,80
728,2307,122,Maale,80
729,2177,122,Maale,80
730,2299,122,Maale,80
731,2298,122,Maale,80
732,2294,122,Maale,80
733,2291,122,Maale,80
734,2302,122,Maale,80
735,2290,122,Maale,80
736,2289,122,Maale,80
737,2288,122,Maale,80
738,2287,122,Maale,80
739,2284,122,Maale,80
740,2281,122,Maale,80
741,1231,122,Maale,80
742,2279,122,Maale,80
743,2274,122,Maale,80
744,2272,122,Maale,80
745,2271,122,Maale,80
746,2265,122,Maale,80
747,2264,122,Maale,80
748,2263,122,Maale,80
749,2262,122,Maale,80
750,2260,122,Maale,80
751,2202,122,Maale,80
752,2194,122,Maale,80
753,2254,122,Maale,80
754,2253,122,Maale,80
755,2242,122,Maale,80
756,1777,122,Maale,80
757,2240,122,Maale,80
758,2251,122,Maale,80
759,2249,122,Maale,80
760,2237,122,Maale,80
761,2236,122,Maale,80
762,2235,122,Maale,80
763,2234,122,Maale,80
764,2209,122,Maale,80
765,2205,122,Maale,80
766,2204,122,Maale,80
767,2200,122,Maale,80
768,2199,122,Maale,80
769,2192,122,Maale,80
770,2189,122,Maale,80
771,2186,122,Maale,80
772,2185,122,Maale,80
773,2182,122,Maale,80
774,2181,122,Maale,80
775,2134,122,Maale,80
776,2180,122,Maale,80
777,2179,122,Maale,80
778,2175,122,Maale,80
779,2174,122,Maale,80
780,2172,122,Maale,80
781,2171,122,Maale,80
782,2168,122,Maale,80
783,2166,122,Maale,80
784,2133,122,Maale,80
785,2165,122,Maale,80
786,2164,122,Maale,80
787,2155,122,Maale,80
788,2153,122,Maale,80
789,2151,122,Maale,80
790,2176,122,Maale,80
791,2148,122,Maale,80
792,2145,122,Maale,80
793,2144,122,Maale,80
794,2138,122,Maale,80
795,2137,122,Maale,80
796,2136,122,Maale,80
797,2131,122,Maale,80
798,2075,122,Maale,80
799,2130,122,Maale,80
800,2125,122,Maale,80
801,2127,122,Maale,80
802,2124,122,Maale,80
803,2123,122,Maale,80
804,2120,122,Maale,80
805,2119,122,Maale,80
806,2114,122,Maale,80
807,2113,122,Maale,80
808,2110,122,Maale,80
809,2109,122,Maale,80
810,2108,122,Maale,80
811,2101,122,Maale,80
812,2100,122,Maale,80
813,2099,122,Maale,80
814,2096,122,Maale,80
815,2094,122,Maale,80
816,2080,122,Maale,80
817,2070,122,Maale,80
818,2069,122,Maale,80
819,2068,122,Maale,80
820,2066,122,Maale,80
821,2062,122,Maale,80
822,2059,122,Maale,80
823,2058,122,Maale,80
824,2055,122,Maale,80
825,2052,122,Maale,80
826,2047,122,Maale,80
827,2046,122,Maale,80
828,2044,122,Maale,80
829,2043,122,Maale,80
830,2042,122,Maale,80
831,2041,122,Maale,80
832,2036,122,Maale,80
833,2034,122,Maale,80
834,2033,122,Maale,80
835,2032,122,Maale,80
836,2031,122,Maale,80
837,2028,122,Maale,80
838,2027,122,Maale,80
839,2026,122,Maale,80
840,2025,122,Maale,80
841,2024,122,Maale,80
842,2023,122,Maale,80
843,2022,122,Maale,80
844,2021,122,Maale,80
845,2020,122,Maale,80
846,2018,122,Maale,80
847,2017,122,Maale,80
848,2013,122,Maale,80
849,2000,122,Maale,80
850,2011,122,Maale,80
851,1999,122,Maale,80
852,2006,122,Maale,80
853,1756,122,Maale,80
854,2008,122,Maale,80
855,1757,122,Maale,80
856,1755,122,Maale,80
857,1754,122,Maale,80
858,2007,122,Maale,80
859,2005,122,Maale,80
860,2004,122,Maale,80
861,2003,122,Maale,80
862,2002,122,Maale,80
863,1998,122,Maale,80
864,203,122,Maale,80
865,1997,122,Maale,80
866,1993,122,Maale,80
867,1994,122,Maale,80
868,1992,122,Maale,80
869,1991,122,Maale,80
870,1988,122,Maale,80
871,1986,122,Maale,80
872,1983,122,Maale,80
873,1982,122,Maale,80
874,1981,122,Maale,80
875,1980,122,Maale,80
876,1970,122,Maale,80
877,1967,122,Maale,80
878,1965,122,Maale,80
879,1963,122,Maale,80
880,1961,122,Maale,80
881,1958,122,Maale,80
882,1947,122,Maale,80
883,1948,122,Maale,80
884,1935,122,Maale,80
885,1945,122,Maale,80
886,1933,122,Maale,80
887,1932,122,Maale,80
888,1928,122,Maale,80
889,1926,122,Maale,80
890,1924,122,Maale,80
891,1868,122,Maale,80
892,1867,122,Maale,80
893,1873,122,Maale,80
894,1916,122,Maale,80
895,1915,122,Maale,80
896,1914,122,Maale,80
897,1909,122,Maale,80
898,1908,122,Maale,80
899,1907,122,Maale,80
900,1905,122,Maale,80
901,1904,122,Maale,80
902,1903,122,Maale,80
903,1901,122,Maale,80
904,1897,122,Maale,80
905,1882,122,Maale,80
906,1881,122,Maale,80
907,1863,122,Maale,80
908,1430,122,Maale,80
909,1862,122,Maale,80
910,1860,122,Maale,80
911,1859,122,Maale,80
912,1858,122,Maale,80
913,1857,122,Maale,80
914,1775,122,Maale,80
915,1855,122,Maale,80
916,1853,122,Maale,80
917,1850,122,Maale,80
918,1829,122,Maale,80
919,602,122,Maale,80
920,600,122,Maale,80
921,1828,122,Maale,80
922,1761,122,Maale,80
923,1836,122,Maale,80
924,1835,122,Maale,80
925,1827,122,Maale,80
926,601,122,Maale,80
927,1825,122,Maale,80
928,1823,122,Maale,80
929,1822,122,Maale,80
930,1816,122,Maale,80
931,1815,122,Maale,80
932,1814,122,Maale,80
933,1805,122,Maale,80
934,1804,122,Maale,80
935,1803,122,Maale,80
936,1431,122,Maale,80
937,1802,122,Maale,80
938,1800,122,Maale,80
939,1798,122,Maale,80
940,1797,122,Maale,80
941,1785,122,Maale,80
942,1784,122,Maale,80
943,1786,122,Maale,80
944,603,122,Maale,80
945,1781,122,Maale,80
946,1774,122,Maale,80
947,1773,122,Maale,80
948,1799,122,Maale,80
949,1766,122,Maale,80
950,1760,122,Maale,80
951,1759,122,Maale,80
952,1753,122,Maale,80
953,1752,122,Maale,80
954,1751,122,Maale,80
955,1426,122,Maale,80
956,1750,122,Maale,80
957,1749,122,Maale,80
958,1748,122,Maale,80
959,1747,122,Maale,80
960,1556,122,Maale,80
961,1745,122,Maale,80
962,1744,122,Maale,80
963,1743,122,Maale,80
964,1742,122,Maale,80
965,1741,122,Maale,80
966,1740,122,Maale,80
967,1739,122,Maale,80
968,1737,122,Maale,80
969,1736,122,Maale,80
970,1735,122,Maale,80
971,1734,122,Maale,80
972,1733,122,Maale,80
973,1732,122,Maale,80
974,1731,122,Maale,80
975,1730,122,Maale,80
976,1729,122,Maale,80
977,1728,122,Maale,80
978,1727,122,Maale,80
979,1726,122,Maale,80
980,1725,122,Maale,80
981,1724,122,Maale,80
982,1723,122,Maale,80
983,1722,122,Maale,80
984,1721,122,Maale,80
985,1717,122,Maale,80
986,1716,122,Maale,80
987,1715,122,Maale,80
988,1714,122,Maale,80
989,1713,122,Maale,80
990,1712,122,Maale,80
991,1711,122,Maale,80
992,1710,122,Maale,80
993,1709,122,Maale,80
994,1708,122,Maale,80
995,1707,122,Maale,80
996,1705,122,Maale,80
997,1704,122,Maale,80
998,1703,122,Maale,80
999,1700,122,Maale,80
1000,1701,122,Maale,80
1001,1699,122,Maale,80
1002,1698,122,Maale,80
1003,1696,122,Maale,80
1004,1695,122,Maale,80
1005,1693,122,Maale,80
1006,1692,122,Maale,80
1007,1691,122,Maale,80
1008,1690,122,Maale,80
1009,1689,122,Maale,80
1010,1688,122,Maale,80
1011,1687,122,Maale,80
1012,1686,122,Maale,80
1013,1738,122,Maale,80
1014,1685,122,Maale,80
1015,1684,122,Maale,80
1016,1683,122,Maale,80
1017,1682,122,Maale,80
1018,1681,122,Maale,80
1019,1680,122,Maale,80
1020,1679,122,Maale,80
1021,1678,122,Maale,80
1022,1677,122,Maale,80
1023,513,122,Maale,80
1024,1676,122,Maale,80
1025,1675,122,Maale,80
1026,523,122,Maale,80
1027,1674,122,Maale,80
1028,1673,122,Maale,80
1029,1672,122,Maale,80
1030,1671,122,Maale,80
1031,1670,122,Maale,80
1032,1669,122,Maale,80
1033,1667,122,Maale,80
1034,1668,122,Maale,80
1035,1666,122,Maale,80
1036,1665,122,Maale,80
1037,1663,122,Maale,80
1038,1597,122,Maale,80
1039,1661,122,Maale,80
1040,1660,122,Maale,80
1041,1658,122,Maale,80
1042,1657,122,Maale,80
1043,1654,122,Maale,80
1044,509,122,Maale,80
1045,524,122,Maale,80
1046,1653,122,Maale,80
1047,505,122,Maale,80
1048,1652,122,Maale,80
1049,1655,122,Maale,80
1050,1650,122,Maale,80
1051,1649,122,Maale,80
1052,1648,122,Maale,80
1053,1647,122,Maale,80
1054,1646,122,Maale,80
1055,1645,122,Maale,80
1056,1644,122,Maale,80
1057,1642,122,Maale,80
1058,1640,122,Maale,80
1059,1638,122,Maale,80
1060,1636,122,Maale,80
1061,1635,122,Maale,80
1062,1634,122,Maale,80
1063,1633,122,Maale,80
1064,1632,122,Maale,80
1065,1631,122,Maale,80
1066,1630,122,Maale,80
1067,1629,122,Maale,80
1068,1628,122,Maale,80
1069,518,122,Maale,80
1070,512,122,Maale,80
1071,1627,122,Maale,80
1072,1626,122,Maale,80
1073,1625,122,Maale,80
1074,1624,122,Maale,80
1075,1623,122,Maale,80
1076,1619,122,Maale,80
1077,1620,122,Maale,80
1078,1618,122,Maale,80
1079,526,122,Maale,80
1080,1615,122,Maale,80
1081,1613,122,Maale,80
1082,1611,122,Maale,80
1083,1609,122,Maale,80
1084,1610,122,Maale,80
1085,1607,122,Maale,80
1086,1606,122,Maale,80
1087,1605,122,Maale,80
1088,1604,122,Maale,80
1089,1603,122,Maale,80
1090,1602,122,Maale,80
1091,1601,122,Maale,80
1092,1600,122,Maale,80
1093,1593,122,Maale,80
1094,1598,122,Maale,80
1095,1596,122,Maale,80
1096,1595,122,Maale,80
1097,1594,122,Maale,80
1098,1592,122,Maale,80
1099,1591,122,Maale,80
1100,1590,122,Maale,80
1101,1589,122,Maale,80
1102,1588,122,Maale,80
1103,1587,122,Maale,80
1104,1586,122,Maale,80
1105,1584,122,Maale,80
1106,1582,122,Maale,80
1107,1581,122,Maale,80
1108,1580,122,Maale,80
1109,1578,122,Maale,80
1110,1577,122,Maale,80
1111,1576,122,Maale,80
1112,1575,122,Maale,80
1113,1574,122,Maale,80
1114,1573,122,Maale,80
1115,1571,122,Maale,80
1116,1570,122,Maale,80
1117,1569,122,Maale,80
1118,1568,122,Maale,80
1119,1572,122,Maale,80
1120,1567,122,Maale,80
1121,1566,122,Maale,80
1122,1565,122,Maale,80
1123,1564,122,Maale,80
1124,1563,122,Maale,80
1125,1562,122,Maale,80
1126,1561,122,Maale,80
1127,1560,122,Maale,80
1128,1559,122,Maale,80
1129,1558,122,Maale,80
1130,1555,122,Maale,80
1131,1554,122,Maale,80
1132,1553,122,Maale,80
1133,1551,122,Maale,80
1134,1552,122,Maale,80
1135,1550,122,Maale,80
1136,1549,122,Maale,80
1137,1548,122,Maale,80
1138,1547,122,Maale,80
1139,1546,122,Maale,80
1140,1545,122,Maale,80
1141,1543,122,Maale,80
1142,1542,122,Maale,80
1143,1541,122,Maale,80
1144,1540,122,Maale,80
1145,1539,122,Maale,80
1146,1538,122,Maale,80
1147,1537,122,Maale,80
1148,1535,122,Maale,80
1149,1534,122,Maale,80
1150,1533,122,Maale,80
1151,1532,122,Maale,80
1152,1531,122,Maale,80
1153,1529,122,Maale,80
1154,1528,122,Maale,80
1155,1526,122,Maale,80
1156,1525,122,Maale,80
1157,1524,122,Maale,80
1158,1523,122,Maale,80
1159,1522,122,Maale,80
1160,1521,122,Maale,80
1161,1520,122,Maale,80
1162,1519,122,Maale,80
1163,1518,122,Maale,80
1164,1517,122,Maale,80
1165,1515,122,Maale,80
1166,1510,122,Maale,80
1167,1509,122,Maale,80
1168,1758,122,Maale,80
1169,1501,122,Maale,80
1170,1499,122,Maale,80
1171,1484,122,Maale,80
1172,1486,122,Maale,80
1173,1488,122,Maale,80
1174,1487,122,Maale,80
1175,1485,122,Maale,80
1176,1442,122,Maale,80
1177,1441,122,Maale,80
1178,1428,122,Maale,80
1179,1369,122,Maale,80
1180,1417,122,Maale,80
1181,1415,122,Maale,80
1182,1414,122,Maale,80
1183,1413,122,Maale,80
1184,1412,122,Maale,80
1185,1410,122,Maale,80
1186,1409,122,Maale,80
1187,1407,122,Maale,80
1188,1406,122,Maale,80
1189,1405,122,Maale,80
1190,1404,122,Maale,80
1191,1403,122,Maale,80
1192,1402,122,Maale,80
1193,1401,122,Maale,80
1194,1408,122,Maale,80
1195,1389,122,Maale,80
1196,1391,122,Maale,80
1197,1387,122,Maale,80
1198,1411,122,Maale,80
1199,1371,122,Maale,80
1200,1378,122,Maale,80
1201,1379,122,Maale,80
1202,1362,122,Maale,80
1203,1349,122,Maale,80
1204,1342,122,Maale,80
1205,1338,122,Maale,80
1206,1330,122,Maale,80
1207,1326,122,Maale,80
1208,1325,122,Maale,80
1209,1307,122,Maale,80
1210,1305,122,Maale,80
1211,1304,122,Maale,80
1212,1298,122,Maale,80
1213,1287,122,Maale,80
1214,1309,122,Maale,80
1215,1252,122,Maale,80
1216,1244,122,Maale,80
1217,1240,122,Maale,80
1218,1239,122,Maale,80
1219,1238,122,Maale,80
1220,1237,122,Maale,80
1221,1235,122,Maale,80
1222,1233,122,Maale,80
1223,1230,122,Maale,80
1224,1162,122,Maale,80
1225,1224,122,Maale,80
1226,1218,122,Maale,80
1227,1211,122,Maale,80
1228,1205,122,Maale,80
1229,1204,122,Maale,80
1230,1192,122,Maale,80
1231,1193,122,Maale,80
1232,1188,122,Maale,80
1233,1176,122,Maale,80
1234,1173,122,Maale,80
1235,1171,122,Maale,80
1236,1166,122,Maale,80
1237,1167,122,Maale,80
1238,1215,122,Maale,80
1239,1216,122,Maale,80
1240,1213,122,Maale,80
1241,1174,122,Maale,80
1242,1207,122,Maale,80
1243,1164,122,Maale,80
1244,1163,122,Maale,80
1245,1132,122,Maale,80
1246,1063,122,Maale,80
1247,1160,122,Maale,80
1248,1158,122,Maale,80
1249,1151,122,Maale,80
1250,1148,122,Maale,80
1251,1143,122,Maale,80
1252,1142,122,Maale,80
1253,1134,122,Maale,80
1254,1133,122,Maale,80
1255,1128,122,Maale,80
1256,1125,122,Maale,80
1257,1127,122,Maale,80
1258,1124,122,Maale,80
1259,1119,122,Maale,80
1260,1112,122,Maale,80
1261,1110,122,Maale,80
1262,1109,122,Maale,80
1263,1108,122,Maale,80
1264,1107,122,Maale,80
1265,1105,122,Maale,80
1266,1104,122,Maale,80
1267,1103,122,Maale,80
1268,1102,122,Maale,80
1269,1101,122,Maale,80
1270,1100,122,Maale,80
1271,1099,122,Maale,80
1272,1098,122,Maale,80
1273,1096,122,Maale,80
1274,1091,122,Maale,80
1275,1086,122,Maale,80
1276,1085,122,Maale,80
1277,1083,122,Maale,80
1278,1082,122,Maale,80
1279,1081,122,Maale,80
1280,1079,122,Maale,80
1281,1076,122,Maale,80
1282,1062,122,Maale,80
1283,1064,122,Maale,80
1284,1053,122,Maale,80
1285,1046,122,Maale,80
1286,1045,122,Maale,80
1287,1047,122,Maale,80
1288,1038,122,Maale,80
1289,1037,122,Maale,80
1290,1040,122,Maale,80
1291,1036,122,Maale,80
1292,1034,122,Maale,80
1293,1032,122,Maale,80
1294,1031,122,Maale,80
1295,1030,122,Maale,80
1296,1029,122,Maale,80
1297,1028,122,Maale,80
1298,1024,122,Maale,80
1299,1025,122,Maale,80
1300,1021,122,Maale,80
1301,1004,122,Maale,80
1302,1006,122,Maale,80
1303,1005,122,Maale,80
1304,1002,122,Maale,80
1305,1001,122,Maale,80
1306,996,122,Maale,80
1307,985,122,Maale,80
1308,984,122,Maale,80
1309,983,122,Maale,80
1310,892,122,Maale,80
1311,967,122,Maale,80
1312,946,122,Maale,80
1313,939,122,Maale,80
1314,936,122,Maale,80
1315,932,122,Maale,80
1316,928,122,Maale,80
1317,927,122,Maale,80
1318,926,122,Maale,80
1319,922,122,Maale,80
1320,924,122,Maale,80
1321,920,122,Maale,80
1322,923,122,Maale,80
1323,919,122,Maale,80
1324,917,122,Maale,80
1325,910,122,Maale,80
1326,908,122,Maale,80
1327,907,122,Maale,80
1328,904,122,Maale,80
1329,903,122,Maale,80
1330,890,122,Maale,80
1331,1614,122,Maale,80
1332,888,122,Maale,80
1333,874,122,Maale,80
1334,871,122,Maale,80
1335,855,122,Maale,80
1336,854,122,Maale,80
1337,853,122,Maale,80
1338,851,122,Maale,80
1339,850,122,Maale,80
1340,841,122,Maale,80
1341,801,122,Maale,80
1342,2049,122,Maale,80
1343,835,122,Maale,80
1344,833,122,Maale,80
1345,832,122,Maale,80
1346,831,122,Maale,80
1347,830,122,Maale,80
1348,829,122,Maale,80
1349,828,122,Maale,80
1350,824,122,Maale,80
1351,2048,122,Maale,80
1352,818,122,Maale,80
1353,786,122,Maale,80
1354,784,122,Maale,80
1355,771,122,Maale,80
1356,770,122,Maale,80
1357,766,122,Maale,80
1358,765,122,Maale,80
1359,759,122,Maale,80
1360,754,122,Maale,80
1361,752,122,Maale,80
1362,748,122,Maale,80
1363,743,122,Maale,80
1364,741,122,Maale,80
1365,739,122,Maale,80
1366,730,122,Maale,80
1367,720,122,Maale,80
1368,711,122,Maale,80
1369,719,122,Maale,80
1370,703,122,Maale,80
1371,702,122,Maale,80
1372,641,122,Maale,80
1373,699,122,Maale,80
1374,694,122,Maale,80
1375,683,122,Maale,80
1376,682,122,Maale,80
1377,675,122,Maale,80
1378,668,122,Maale,80
1379,664,122,Maale,80
1380,663,122,Maale,80
1381,656,122,Maale,80
1382,655,122,Maale,80
1383,680,122,Maale,80
1384,665,122,Maale,80
1385,647,122,Maale,80
1386,644,122,Maale,80
1387,634,122,Maale,80
1388,631,122,Maale,80
1389,629,122,Maale,80
1390,627,122,Maale,80
1391,626,122,Maale,80
1392,625,122,Maale,80
1393,2132,122,Maale,80
1394,622,122,Maale,80
1395,620,122,Maale,80
1396,568,122,Maale,80
1397,616,122,Maale,80
1398,615,122,Maale,80
1399,516,122,Maale,80
1400,613,122,Maale,80
1401,610,122,Maale,80
1402,609,122,Maale,80
1403,608,122,Maale,80
1404,607,122,Maale,80
1405,604,122,Maale,80
1406,598,122,Maale,80
1407,597,122,Maale,80
1408,596,122,Maale,80
1409,594,122,Maale,80
1410,591,122,Maale,80
1411,588,122,Maale,80
1412,587,122,Maale,80
1413,578,122,Maale,80
1414,577,122,Maale,80
1415,576,122,Maale,80
1416,575,122,Maale,80
1417,574,122,Maale,80
1418,573,122,Maale,80
1419,571,122,Maale,80
1420,570,122,Maale,80
1421,569,122,Maale,80
1422,584,122,Maale,80
1423,567,122,Maale,80
1424,539,122,Maale,80
1425,566,122,Maale,80
1426,565,122,Maale,80
1427,564,122,Maale,80
1428,563,122,Maale,80
1429,562,122,Maale,80
1430,560,122,Maale,80
1431,436,122,Maale,80
1432,557,122,Maale,80
1433,556,122,Maale,80
1434,501,122,Maale,80
1435,555,122,Maale,80
1436,553,122,Maale,80
1437,535,122,Maale,80
1438,527,122,Maale,80
1439,521,122,Maale,80
1440,520,122,Maale,80
1441,510,122,Maale,80
1442,507,122,Maale,80
1443,515,122,Maale,80
1444,504,122,Maale,80
1445,503,122,Maale,80
1446,500,122,Maale,80
1447,498,122,Maale,80
1448,499,122,Maale,80
1449,496,122,Maale,80
1450,495,122,Maale,80
1451,493,122,Maale,80
1452,490,122,Maale,80
1453,489,122,Maale,80
1454,488,122,Maale,80
1455,461,122,Maale,80
1456,530,122,Maale,80
1457,453,122,Maale,80
1458,454,122,Maale,80
1459,444,122,Maale,80
1460,439,122,Maale,80
1461,438,122,Maale,80
1462,437,122,Maale,80
1463,433,122,Maale,80
1464,2353,122,Maale,80
1465,1308,122,Maale,80
1466,430,122,Maale,80
1467,429,122,Maale,80
1468,427,122,Maale,80
1469,424,122,Maale,80
1470,423,122,Maale,80
1471,1323,122,Maale,80
1472,1976,122,Maale,80
1473,421,122,Maale,80
1474,419,122,Maale,80
1475,418,122,Maale,80
1476,416,122,Maale,80
1477,415,122,Maale,80
1478,414,122,Maale,80
1479,413,122,Maale,80
1480,411,122,Maale,80
1481,409,122,Maale,80
1482,1321,122,Maale,80
1483,407,122,Maale,80
1484,406,122,Maale,80
1485,402,122,Maale,80
1486,357,122,Maale,80
1487,405,122,Maale,80
1488,404,122,Maale,80
1489,400,122,Maale,80
1490,395,122,Maale,80
1491,396,122,Maale,80
1492,394,122,Maale,80
1493,392,122,Maale,80
1494,391,122,Maale,80
1495,387,122,Maale,80
1496,389,122,Maale,80
1497,388,122,Maale,80
1498,384,122,Maale,80
1499,383,122,Maale,80
1500,380,122,Maale,80
1501,379,122,Maale,80
1502,382,122,Maale,80
1503,377,122,Maale,80
1504,374,122,Maale,80
1505,372,122,Maale,80
1506,1643,122,Maale,80
1507,369,122,Maale,80
1508,365,122,Maale,80
1509,363,122,Maale,80
1510,361,122,Maale,80
1511,360,122,Maale,80
1512,358,122,Maale,80
1513,359,122,Maale,80
1514,355,122,Maale,80
1515,324,122,Maale,80
1516,349,122,Maale,80
1517,347,122,Maale,80
1518,346,122,Maale,80
1519,343,122,Maale,80
1520,341,122,Maale,80
1521,340,122,Maale,80
1522,337,122,Maale,80
1523,333,122,Maale,80
1524,332,122,Maale,80
1525,331,122,Maale,80
1526,321,122,Maale,80
1527,323,122,Maale,80
1528,322,122,Maale,80
1529,320,122,Maale,80
1530,319,122,Maale,80
1531,317,122,Maale,80
1532,315,122,Maale,80
1533,314,122,Maale,80
1534,312,122,Maale,80
1535,311,122,Maale,80
1536,309,122,Maale,80
1537,308,122,Maale,80
1538,307,122,Maale,80
1539,306,122,Maale,80
1540,302,122,Maale,80
1541,303,122,Maale,80
1542,301,122,Maale,80
1543,300,122,Maale,80
1544,298,122,Maale,80
1545,297,122,Maale,80
1546,295,122,Maale,80
1547,293,122,Maale,80
1548,514,122,Maale,80
1549,292,122,Maale,80
1550,291,122,Maale,80
1551,289,122,Maale,80
1552,2157,122,Maale,80
1553,1327,122,Maale,80
1554,286,122,Maale,80
1555,285,122,Maale,80
1556,283,122,Maale,80
1557,281,122,Maale,80
1558,403,122,Maale,80
1559,280,122,Maale,80
1560,278,122,Maale,80
1561,272,122,Maale,80
1562,271,122,Maale,80
1563,268,122,Maale,80
1564,267,122,Maale,80
1565,265,122,Maale,80
1566,263,122,Maale,80
1567,256,122,Maale,80
1568,260,122,Maale,80
1569,259,122,Maale,80
1570,257,122,Maale,80
1571,254,122,Maale,80
1572,252,122,Maale,80
1573,248,122,Maale,80
1574,245,122,Maale,80
1575,240,122,Maale,80
1576,239,122,Maale,80
1577,236,122,Maale,80
1578,235,122,Maale,80
1579,234,122,Maale,80
1580,233,122,Maale,80
1581,229,122,Maale,80
1582,228,122,Maale,80
1583,225,122,Maale,80
1584,224,122,Maale,80
1585,219,122,Maale,80
1586,226,122,Maale,80
1587,207,122,Maale,80
1588,209,122,Maale,80
1589,206,122,Maale,80
1590,98,122,Maale,80
1591,200,122,Maale,80
1592,199,122,Maale,80
1593,198,122,Maale,80
1594,197,122,Maale,80
1595,194,122,Maale,80
1596,193,122,Maale,80
1597,191,122,Maale,80
1598,190,122,Maale,80
1599,189,122,Maale,80
1600,492,122,Maale,80
1601,182,122,Maale,80
1602,181,122,Maale,80
1603,180,122,Maale,80
1604,178,122,Maale,80
1605,173,122,Maale,80
1606,172,122,Maale,80
1607,167,122,Maale,80
1608,162,122,Maale,80
1609,171,122,Maale,80
1610,161,122,Maale,80
1611,101,122,Maale,80
1612,160,122,Maale,80
1613,159,122,Maale,80
1614,158,122,Maale,80
1615,154,122,Maale,80
1616,153,122,Maale,80
1617,142,122,Maale,80
1618,133,122,Maale,80
1619,123,122,Maale,80
1620,120,122,Maale,80
1621,113,122,Maale,80
1622,109,122,Maale,80
1623,183,122,Maale,80
1624,99,122,Maale,80
1625,102,122,Maale,80
1626,92,122,Maale,80
1627,91,122,Maale,80
1628,90,122,Maale,80
1629,89,122,Maale,80
1630,1880,122,Maale,80
1631,83,122,Maale,80
1632,84,122,Maale,80
1633,82,122,Maale,80
1634,81,122,Maale,80
1635,80,122,Maale,80
1636,79,122,Maale,80
1637,78,122,Maale,80
1638,77,122,Maale,80
1639,76,122,Maale,80
1640,599,122,Maale,80
1641,74,122,Maale,80
1642,72,122,Maale,80
1643,64,122,Maale,80
1644,58,122,Maale,80
1645,63,122,Maale,80
1646,61,122,Maale,80
1647,60,122,Maale,80
1648,57,122,Maale,80
1649,56,122,Maale,80
1650,55,122,Maale,80
1651,52,122,Maale,80
1652,50,122,Maale,80
1653,49,122,Maale,80
1654,46,122,Maale,80
1655,43,122,Maale,80
1656,41,122,Maale,80
1657,39,122,Maale,80
1658,38,122,Maale,80
1659,3,122,Maale,80
1660,35,122,Maale,80
1661,33,122,Maale,80
1662,29,122,Maale,80
1663,26,122,Maale,80
1664,21,122,Maale,80
1665,20,122,Maale,80
1666,4,122,Maale,80
1667,18,122,Maale,80
1668,2,122,Maale,80
1669,11,122,Maale,80
1670,13,122,Maale,80
1671,10,122,Maale,80
1672,8,122,Maale,80
1673,6,122,Maale,80
1674,2408,122,Maale,80
1675,769,122,Maale,80
1676,2573,122,Maale,80
1677,1145,122,Maale,80
1678,2411,122,Maale,80
1679,2191,122,Maale,80
1680,2586,122,Maale,80
1681,2553,122,Maale,80
1682,2481,122,Maale,80
1683,2402,122,Maale,80
1684,2371,122,Maale,80
1685,2357,122,Maale,80
1686,2315,122,Maale,80
1687,2305,122,Maale,80
1688,2116,122,Maale,80
1689,2115,122,Maale,80
1690,2104,122,Maale,80
1691,2067,122,Maale,80
1692,2035,122,Maale,80
1693,2001,122,Maale,80
1694,1226,122,Maale,80
1695,1977,122,Maale,80
1696,1918,122,Maale,80
1697,1906,122,Maale,80
1698,1772,122,Maale,80
1699,1706,122,Maale,80
1700,1656,122,Maale,80
1701,1616,122,Maale,80
1702,1129,122,Maale,80
1703,1123,122,Maale,80
1704,1111,122,Maale,80
1705,1039,122,Maale,80
1706,1022,122,Maale,80
1707,1035,122,Maale,80
1708,1033,122,Maale,80
1709,1027,122,Maale,80
1710,1026,122,Maale,80
1711,1023,122,Maale,80
1712,981,122,Maale,80
1713,889,122,Maale,80
1714,870,122,Maale,80
1715,869,122,Maale,80
1716,630,122,Maale,80
1717,494,122,Maale,80
1718,304,122,Maale,80
1719,59,122,Maale,80
1720,2520,122,Maale,80
1721,2516,122,Maale,80
1722,1495,122,Maale,80
1723,1367,122,Maale,80
1724,943,122,Maale,80
1725,1170,122,Maale,80
1726,929,122,Maale,80
1727,211,122,Maale,80
1728,2635,122,Maale,80
1729,2634,122,Maale,80
1730,1621,122,Maale,80
1731,2149,122,Maale,80
1732,2607,122,Maale,80
1733,2367,122,Maale,80
1734,1599,122,Maale,80
1735,1639,122,Maale,80
1736,2211,122,Maale,80
1737,1694,122,Maale,80
1738,657,122,Maale,80
1739,2161,122,Maale,80
1740,1579,122,Maale,80
1741,1664,122,Maale,80
1742,1697,122,Maale,80
1743,362,122,Maale,80
1744,1865,122,Maale,80
1745,817,122,Maale,80
1746,397,122,Maale,80
1747,45,122,Maale,80
1748,1898,122,Maale,80
1749,2259,122,Maale,80
1750,1837,122,Maale,80
1751,1885,122,Maale,80
1752,2092,122,Maale,80
1753,53,122,Maale,80
1754,1084,122,Maale,80
1755,2567,122,Maale,80
1756,1557,122,Maale,80
1757,201,122,Maale,80
1758,2630,122,Maale,80
1759,1280,122,Maale,80
1760,651,122,Maale,80
1761,873,122,Maale,80
1762,605,122,Maale,80
1763,2106,122,Maale,80
1764,2362,122,Maale,80
1765,1702,122,Maale,80
1766,517,122,Maale,80
1767,2257,122,Maale,80
1768,764,122,Maale,80
1769,2306,122,Maale,80
1770,1583,122,Maale,80
1771,2552,122,Maale,80
1772,1959,122,Maale,80
1773,44,122,Maale,80
1774,1077,122,Maale,80
1775,1771,122,Maale,80
1776,511,122,Maale,80
1777,2118,122,Maale,80
1778,2425,122,Maale,80
1779,540,122,Maale,80
1780,54,122,Maale,80
1781,2528,121,Hulhumaale,95
1782,1622,122,Maale,80
1783,16,122,Maale,80
1784,51,122,Maale,80
1785,721,122,Maale,80
1786,288,121,Hulhumaale,95
1787,2091,122,Maale,80
1788,2543,122,Maale,80
1789,2474,121,Hulhumaale,95
1790,218,122,Maale,80
1791,230,121,Hulhumaale,95
1792,883,122,Maale,80
1793,852,122,Maale,80
1794,1530,122,Maale,80
1795,1020,122,Maale,80
1796,1396,122,Maale,80
1797,1152,122,Maale,80
1798,2369,122,Maale,80
1799,1180,122,Maale,80
1800,2615,122,Maale,80
1801,1544,121,Hulhumaale,95
1802,902,122,Maale,80
1803,1106,121,Hulhumaale,95
1804,450,122,Maale,80
1805,2361,122,Maale,80
1806,2363,122,Maale,80
1807,36,121,Hulhumaale,95
1808,572,121,Hulhumaale,95
1809,2308,122,Maale,80
1810,2097,122,Maale,80
1811,1270,122,Maale,80
1812,522,122,Maale,80
1813,2188,122,Maale,80
1814,1662,122,Maale,80
1815,1182,122,Maale,80
1816,354,122,Maale,80
1817,2639,10,Dhigurah,76
1818,2637,9,Dhan'Gethi,75
1819,2633,16,Mahibadhoo,80
1820,2603,10,Dhigurah,76
1821,2495,16,Mahibadhoo,80
1822,2212,16,Mahibadhoo,80
1823,1960,9,Dhan'Gethi,75
1824,1902,9,Dhan'Gethi,75
1825,1768,43,Dhaandhoo,76
1826,1767,43,Dhaandhoo,76
1827,1505,16,Mahibadhoo,80
1828,1504,16,Mahibadhoo,80
1829,1503,16,Mahibadhoo,80
1830,1502,16,Mahibadhoo,80
1831,1354,14,Kun'Burudhoo,79
1832,1353,14,Kun'Burudhoo,79
1833,1234,16,Mahibadhoo,80
1834,1203,9,Dhan'Gethi,75
1835,1169,9,Dhan'Gethi,75
1836,911,13,Hangnaameedhoo,85
1837,685,12,Fenfushi,76
1838,687,12,Fenfushi,76
1839,686,12,Fenfushi,76
1840,684,12,Fenfushi,76
1841,666,9,Dhan'Gethi,75
1842,533,9,Dhan'Gethi,75
1843,532,9,Dhan'Gethi,75
1844,426,9,Dhan'Gethi,75
1845,121,9,Dhan'Gethi,75
1846,62,16,Mahibadhoo,80
1847,1612,12,Fenfushi,76
1848,2606,1,Bodufolhudhoo,80
1849,390,1,Bodufolhudhoo,80
1850,104,1,Bodufolhudhoo,80
1851,1195,5,Mathiveri,82
1852,143,5,Mathiveri,82
1853,2432,8,Ukulhas,78
1854,2431,8,Ukulhas,78
1855,1297,8,Ukulhas,78
1856,878,8,Ukulhas,78
1857,857,8,Ukulhas,78
1858,2395,7,Thoddoo,78
1859,2394,7,Thoddoo,78
1860,2393,7,Thoddoo,78
1861,2392,7,Thoddoo,78
1862,2150,7,Thoddoo,78
1863,2195,7,Thoddoo,78
1864,646,7,Thoddoo,78
1865,269,7,Thoddoo,78
1866,103,7,Thoddoo,78
1867,690,2,Feridhoo,80
1868,2207,2,Feridhoo,80
1869,1168,2,Feridhoo,80
1870,689,2,Feridhoo,80
1871,691,2,Feridhoo,80
1872,688,2,Feridhoo,80
1873,692,2,Feridhoo,80
1874,217,2,Feridhoo,80
1875,693,2,Feridhoo,80
1876,1934,2,Feridhoo,80
1877,2076,6,Rasdhoo,78
1878,1222,6,Rasdhoo,78
1879,1200,6,Rasdhoo,78
1880,100,6,Rasdhoo,78
1881,1214,6,Rasdhoo,78
1882,1937,119,Raiymandhoo,75
1883,948,119,Raiymandhoo,75
1884,949,119,Raiymandhoo,75
1885,364,119,Raiymandhoo,75
1886,947,119,Raiymandhoo,75
1887,1456,30,Maalhos,78
1888,1453,30,Maalhos,78
1889,1177,30,Maalhos,78
1890,2073,188,Rakeedhoo,86
1891,232,188,Rakeedhoo,86
1892,2072,188,Rakeedhoo,86
1893,1296,187,Keyodhoo,84
1894,1295,187,Keyodhoo,84
1895,1294,187,Keyodhoo,84
1896,775,186,Fulidhoo,84
1897,679,186,Fulidhoo,84
1898,678,186,Fulidhoo,84
1899,261,186,Fulidhoo,84
1900,2538,113,Dhiggaru,84
1901,2324,113,Dhiggaru,84
1902,1080,113,Dhiggaru,84
1903,487,113,Dhiggaru,84
1904,486,113,Dhiggaru,84
1905,1429,119,Raiymandhoo,88
1906,1913,114,Kolhufushi,87
1907,1316,114,Kolhufushi,87
1908,1319,114,Kolhufushi,87
1909,1317,114,Kolhufushi,87
1910,1318,114,Kolhufushi,87
1911,1871,118,Naalaafushi,88
1912,1425,118,Naalaafushi,88
1913,1843,116,Mulah,77
1914,1842,116,Mulah,77
1915,1841,116,Mulah,77
1916,1126,116,Mulah,77
1917,412,116,Mulah,77
1918,2632,116,Mulah,77
1919,1422,146,Maduvvari,86
1920,1496,146,Maduvvari,86
1921,1423,146,Maduvvari,86
1922,1421,146,Maduvvari,86
1923,1420,146,Maduvvari,86
1924,313,146,Maduvvari,86
1925,356,146,Maduvvari,86
1926,2286,50,Nilandhoo,86
1927,1944,50,Nilandhoo,86
1928,1942,50,Nilandhoo,86
1929,1212,50,Nilandhoo,86
1930,639,50,Nilandhoo,86
1931,15,50,Nilandhoo,86
1932,637,50,Nilandhoo,86
1933,2061,133,Magoodhoo,86
1934,1832,133,Magoodhoo,86
1935,1831,133,Magoodhoo,86
1936,1370,133,Magoodhoo,86
1937,710,133,Magoodhoo,86
1938,677,133,Magoodhoo,86
1939,638,133,Magoodhoo,86
1940,141,133,Magoodhoo,86
1941,669,40,Feeali,80
1942,670,40,Feeali,80
1943,464,39,Dharan'Boodhoo,87
1944,463,39,Dharan'Boodhoo,87
1945,465,39,Dharan'Boodhoo,87
1946,116,39,Dharan'Boodhoo,87
1947,163,39,Dharan'Boodhoo,87
1948,2589,35,Maaen'Boodhoo,83
1949,1440,35,Maaen'Boodhoo,83
1950,1439,35,Maaen'Boodhoo,83
1951,1438,35,Maaen'Boodhoo,83
1952,177,35,Maaen'Boodhoo,83
1953,14,35,Maaen'Boodhoo,83
1954,1833,35,Maaen'Boodhoo,83
1955,448,35,Maaen'Boodhoo,83
1956,2554,34,Kudahuvadhoo,86
1957,2448,34,Kudahuvadhoo,86
1958,1506,34,Kudahuvadhoo,86
1959,1336,34,Kudahuvadhoo,86
1960,1335,34,Kudahuvadhoo,86
1961,1334,34,Kudahuvadhoo,86
1962,1333,34,Kudahuvadhoo,86
1963,1332,34,Kudahuvadhoo,86
1964,1331,34,Kudahuvadhoo,86
1965,864,34,Kudahuvadhoo,86
1966,1719,34,Kudahuvadhoo,86
1967,447,34,Kudahuvadhoo,86
1968,446,34,Kudahuvadhoo,86
1969,2439,32,Ban'Didhoo,78
1970,1508,32,Ban'Didhoo,78
1971,1278,32,Ban'Didhoo,78
1972,432,32,Ban'Didhoo,78
1973,222,32,Ban'Didhoo,78
1974,221,32,Ban'Didhoo,78
1975,223,32,Ban'Didhoo,78
1976,220,32,Ban'Didhoo,78
1977,2117,98,Dhan'Bidhoo,75
1978,1229,98,Dhan'Bidhoo,75
1979,1794,157,Meedhoo,78
1980,1189,157,Meedhoo,78
1981,1301,157,Meedhoo,78
1982,186,157,Meedhoo,78
1983,1793,157,Meedhoo,78
1984,1337,34,Kudahuvadhoo,86
1985,1012,33,Hulhudheli,83
1986,1010,33,Hulhudheli,83
1987,1011,33,Hulhudheli,83
1988,1009,33,Hulhudheli,83
1989,849,33,Hulhudheli,83
1990,2600,181,Thimarafushi,86
1991,2381,181,Thimarafushi,86
1992,2380,181,Thimarafushi,86
1993,2375,181,Thimarafushi,86
1994,2377,181,Thimarafushi,86
1995,2376,181,Thimarafushi,86
1996,2379,181,Thimarafushi,86
1997,2378,181,Thimarafushi,86
1998,1651,181,Thimarafushi,86
1999,1427,181,Thimarafushi,86
2000,2531,184,Vilufushi,82
2001,2529,184,Vilufushi,82
2002,2533,184,Vilufushi,82
2003,2532,184,Vilufushi,82
2004,2530,184,Vilufushi,82
2005,2485,184,Vilufushi,82
2006,2163,184,Vilufushi,82
2007,2122,184,Vilufushi,82
2008,749,184,Vilufushi,82
2009,740,184,Vilufushi,82
2010,241,184,Vilufushi,82
2011,2507,178,Kin'Bidhoo,78
2012,2473,178,Kin'Bidhoo,78
2013,1277,178,Kin'Bidhoo,78
2014,1276,178,Kin'Bidhoo,78
2015,1275,178,Kin'Bidhoo,78
2016,1302,178,Kin'Bidhoo,78
2017,1274,178,Kin'Bidhoo,78
2018,872,178,Kin'Bidhoo,78
2019,2506,183,Veymandoo,78
2020,2505,183,Veymandoo,78
2021,1320,183,Veymandoo,78
2022,1183,183,Veymandoo,78
2023,1184,183,Veymandoo,78
2024,2482,182,Vandhoo,78
2025,2496,182,Vandhoo,78
2026,2323,173,Dhiyamigili,85
2027,2300,173,Dhiyamigili,85
2028,2030,173,Dhiyamigili,85
2029,1210,173,Dhiyamigili,85
2030,581,173,Dhiyamigili,85
2031,528,173,Dhiyamigili,85
2032,2322,175,Guraidhoo,82
2033,2325,175,Guraidhoo,82
2034,1122,175,Guraidhoo,82
2035,886,175,Guraidhoo,82
2036,884,175,Guraidhoo,82
2037,856,175,Guraidhoo,82
2038,318,175,Guraidhoo,82
2039,1975,180,Omadhoo,78
2040,1972,180,Omadhoo,78
2041,1971,180,Omadhoo,78
2042,1969,180,Omadhoo,78
2043,1360,180,Omadhoo,78
2044,1930,174,Gaadhiffushi,86
2045,810,174,Gaadhiffushi,86
2046,809,174,Gaadhiffushi,86
2047,808,174,Gaadhiffushi,86
2048,807,174,Gaadhiffushi,86
2049,806,174,Gaadhiffushi,86
2050,1494,179,Madifushi,82
2051,1194,179,Madifushi,82
2052,1,179,Madifushi,82
2053,1269,177,Kan'Doodhoo,80
2054,138,177,Kan'Doodhoo,80
2055,1185,176,Hirilandhoo,85
2056,970,176,Hirilandhoo,85
2057,969,176,Hirilandhoo,85
2058,968,176,Hirilandhoo,85
2059,2592,99,Fonadhoo,84
2060,2575,99,Fonadhoo,84
2061,2537,99,Fonadhoo,84
2062,2230,99,Fonadhoo,84
2063,2158,99,Fonadhoo,84
2064,1375,99,Fonadhoo,84
2065,1388,99,Fonadhoo,84
2066,1374,99,Fonadhoo,84
2067,1364,99,Fonadhoo,84
2068,1363,99,Fonadhoo,84
2069,1361,99,Fonadhoo,84
2070,1223,99,Fonadhoo,84
2071,1074,99,Fonadhoo,84
2072,940,99,Fonadhoo,84
2073,930,99,Fonadhoo,84
2074,761,99,Fonadhoo,84
2075,729,99,Fonadhoo,84
2076,728,99,Fonadhoo,84
2077,727,99,Fonadhoo,84
2078,726,99,Fonadhoo,84
2079,653,99,Fonadhoo,84
2080,896,99,Fonadhoo,84
2081,287,99,Fonadhoo,84
2082,284,99,Fonadhoo,84
2083,227,99,Fonadhoo,84
2084,129,99,Fonadhoo,84
2085,110,99,Fonadhoo,84
2086,128,99,Fonadhoo,84
2087,12,99,Fonadhoo,84
2088,1161,99,Fonadhoo,84
2089,1931,99,Fonadhoo,84
2090,2261,99,Fonadhoo,84
2091,246,99,Fonadhoo,84
2092,1770,99,Fonadhoo,84
2093,2060,107,Maavah,80
2094,478,107,Maavah,80
2095,1481,107,Maavah,80
2096,1483,107,Maavah,80
2097,1482,107,Maavah,80
2098,1138,107,Maavah,80
2099,763,107,Maavah,80
2100,894,107,Maavah,80
2101,834,107,Maavah,80
2102,250,107,Maavah,80
2103,2210,153,Hithadhoo,86
2104,1365,153,Hithadhoo,86
2105,1366,153,Hithadhoo,86
2106,979,153,Hithadhoo,86
2107,977,153,Hithadhoo,86
2108,976,153,Hithadhoo,86
2109,744,153,Hithadhoo,86
2110,1911,104,Kunahandhoo,88
2111,1351,104,Kunahandhoo,88
2112,1987,98,Dhan'Bidhoo,83
2113,457,98,Dhan'Bidhoo,83
2114,456,98,Dhan'Bidhoo,83
2115,455,98,Dhan'Bidhoo,83
2116,458,98,Dhan'Bidhoo,83
2117,1849,108,Mundoo,80
2118,1848,108,Mundoo,80
2119,1068,108,Mundoo,80
2120,1780,106,Maamendhoo,87
2121,1462,106,Maamendhoo,87
2122,990,106,Maamendhoo,87
2123,1436,105,Maabaidhoo,87
2124,1435,105,Maabaidhoo,87
2125,1434,105,Maabaidhoo,87
2126,1433,105,Maabaidhoo,87
2127,1432,105,Maabaidhoo,87
2128,1303,105,Maabaidhoo,87
2129,417,105,Maabaidhoo,87
2130,338,105,Maabaidhoo,87
2131,266,105,Maabaidhoo,87
2132,1258,102,Isdhoo,80
2133,1156,102,Isdhoo,80
2134,1121,102,Isdhoo,80
2135,1118,102,Isdhoo,80
2136,1117,102,Isdhoo,80
2137,1116,102,Isdhoo,80
2138,1114,102,Isdhoo,80
2139,1113,102,Isdhoo,80
2140,336,102,Isdhoo,80
2141,105,102,Isdhoo,80
2142,1255,102,Isdhoo,80
2143,1254,102,Isdhoo,80
2144,1115,102,Isdhoo,80
2145,767,102,Isdhoo,80
2146,1257,102,Isdhoo,80
2147,1120,102,Isdhoo,80
2148,2090,103,Kalaidhoo,86
2149,1256,103,Kalaidhoo,86
2150,1279,103,Kalaidhoo,86
2151,1352,104,Kunahandhoo,88
2152,2545,123,Vilin'Gili,75
2153,2522,123,Vilin'Gili,75
2154,2523,123,Vilin'Gili,75
2155,2525,123,Vilin'Gili,75
2156,2521,123,Vilin'Gili,75
2157,2526,123,Vilin'Gili,75
2158,2228,123,Vilin'Gili,75
2159,2196,123,Vilin'Gili,75
2160,2143,123,Vilin'Gili,75
2161,2142,123,Vilin'Gili,75
2162,1910,123,Vilin'Gili,75
2163,1585,123,Vilin'Gili,75
2164,1243,123,Vilin'Gili,75
2165,1139,123,Vilin'Gili,75
2166,805,123,Vilin'Gili,75
2167,296,123,Vilin'Gili,75
2168,282,123,Vilin'Gili,75
2169,188,123,Vilin'Gili,75
2170,174,123,Vilin'Gili,75
2171,2524,123,Vilin'Gili,75
2172,802,123,Vilin'Gili,75
2173,1315,47,Kolamaafushi,86
2174,1314,47,Kolamaafushi,86
2175,1313,47,Kolamaafushi,86
2176,1312,47,Kolamaafushi,86
2177,1059,47,Kolamaafushi,86
2178,803,47,Kolamaafushi,86
2179,2252,47,Kolamaafushi,86
2180,2599,106,Maamendhoo,83
2181,2226,106,Maamendhoo,83
2182,2213,106,Maamendhoo,83
2183,2040,106,Maamendhoo,83
2184,1461,106,Maamendhoo,83
2185,1460,106,Maamendhoo,83
2186,1459,106,Maamendhoo,83
2187,762,106,Maamendhoo,83
2188,179,106,Maamendhoo,83
2189,1259,106,Maamendhoo,83
2190,137,106,Maamendhoo,83
2191,1720,44,Dhevvadhoo,83
2192,508,44,Dhevvadhoo,83
2193,473,44,Dhevvadhoo,83
2194,472,44,Dhevvadhoo,83
2195,471,44,Dhevvadhoo,83
2196,422,44,Dhevvadhoo,83
2197,118,44,Dhevvadhoo,83
2198,117,44,Dhevvadhoo,83
2199,2372,50,Nilandhoo,82
2200,1951,50,Nilandhoo,82
2201,1943,50,Nilandhoo,82
2202,1941,50,Nilandhoo,82
2203,1940,50,Nilandhoo,82
2204,1939,50,Nilandhoo,82
2205,1938,50,Nilandhoo,82
2206,238,50,Nilandhoo,82
2207,187,50,Nilandhoo,82
2208,148,50,Nilandhoo,82
2209,2218,46,Kan'Duhulhudhoo,85
2210,2082,46,Kan'Duhulhudhoo,85
2211,1419,46,Kan'Duhulhudhoo,85
2212,1271,46,Kan'Duhulhudhoo,85
2213,1273,46,Kan'Duhulhudhoo,85
2214,1228,46,Kan'Duhulhudhoo,85
2215,1272,46,Kan'Duhulhudhoo,85
2216,2208,45,Gemanafushi,85
2217,1137,45,Gemanafushi,85
2218,1136,45,Gemanafushi,85
2219,1060,45,Gemanafushi,85
2220,909,45,Gemanafushi,85
2221,848,45,Gemanafushi,85
2222,847,45,Gemanafushi,85
2223,846,45,Gemanafushi,85
2224,845,45,Gemanafushi,85
2225,844,45,Gemanafushi,85
2226,843,45,Gemanafushi,85
2227,842,45,Gemanafushi,85
2228,734,45,Gemanafushi,85
2229,502,45,Gemanafushi,85
2230,459,45,Gemanafushi,85
2231,165,45,Gemanafushi,85
2232,1995,43,Dhaandhoo,82
2233,1989,43,Dhaandhoo,82
2234,1856,43,Dhaandhoo,82
2235,1312,43,Dhaandhoo,82
2236,1130,43,Dhaandhoo,82
2237,452,43,Dhaandhoo,82
2238,451,43,Dhaandhoo,82
2239,115,43,Dhaandhoo,82
2240,2576,189,Thinadhoo,78
2241,2605,189,Thinadhoo,78
2242,2384,189,Thinadhoo,78
2243,2382,189,Thinadhoo,78
2244,2342,189,Thinadhoo,78
2245,2383,189,Thinadhoo,78
2246,2273,189,Thinadhoo,78
2247,2269,189,Thinadhoo,78
2248,2268,189,Thinadhoo,78
2249,1861,189,Thinadhoo,78
2250,1819,189,Thinadhoo,78
2251,1437,189,Thinadhoo,78
2252,1131,189,Thinadhoo,78
2253,1061,189,Thinadhoo,78
2254,1058,189,Thinadhoo,78
2255,1057,189,Thinadhoo,78
2256,1055,189,Thinadhoo,78
2257,941,189,Thinadhoo,78
2258,925,189,Thinadhoo,78
2259,916,189,Thinadhoo,78
2260,299,189,Thinadhoo,78
2261,2184,189,Thinadhoo,78
2262,2183,189,Thinadhoo,78
2263,2561,189,Thinadhoo,78
2264,2129,189,Thinadhoo,78
2265,2089,189,Thinadhoo,78
2266,2614,52,Faresmaathodaa,85
2267,2609,52,Faresmaathodaa,85
2268,2285,52,Faresmaathodaa,85
2269,2232,52,Faresmaathodaa,85
2270,2051,52,Faresmaathodaa,85
2271,1659,52,Faresmaathodaa,85
2272,1476,52,Faresmaathodaa,85
2273,1475,52,Faresmaathodaa,85
2274,1147,52,Faresmaathodaa,85
2275,661,52,Faresmaathodaa,85
2276,660,52,Faresmaathodaa,85
2277,342,52,Faresmaathodaa,85
2278,125,52,Faresmaathodaa,85
2279,2596,58,Rathafandhoo,83
2280,2088,58,Rathafandhoo,83
2281,2087,58,Rathafandhoo,83
2282,2086,58,Rathafandhoo,83
2283,2470,43,Dhaandhoo,76
2284,2442,43,Dhaandhoo,76
2285,2297,43,Dhaandhoo,76
2286,2241,43,Dhaandhoo,76
2287,1507,43,Dhaandhoo,76
2288,1056,43,Dhaandhoo,76
2289,273,43,Dhaandhoo,76
2290,149,43,Dhaandhoo,76
2291,1232,43,Dhaandhoo,76
2292,2283,57,Nadellaa,76
2293,1876,57,Nadellaa,76
2294,1877,57,Nadellaa,76
2295,1874,57,Nadellaa,76
2296,1879,57,Nadellaa,76
2297,1878,57,Nadellaa,76
2298,1875,57,Nadellaa,76
2299,2282,55,Hoadehdhoo,77
2300,1516,55,Hoadehdhoo,77
2301,1282,55,Hoadehdhoo,77
2302,1054,55,Hoadehdhoo,77
2303,987,55,Hoadehdhoo,77
2304,989,55,Hoadehdhoo,77
2305,988,55,Hoadehdhoo,77
2306,733,55,Hoadehdhoo,77
2307,2270,55,Hoadehdhoo,77
2308,2112,56,Madaveli,76
2309,1293,56,Madaveli,76
2310,1492,56,Madaveli,76
2311,1490,56,Madaveli,76
2312,1491,56,Madaveli,76
2313,1489,56,Madaveli,76
2314,1165,56,Madaveli,76
2315,918,56,Madaveli,76
2316,231,56,Madaveli,76
2317,2604,61,Fuvahmulah,83
2318,2597,61,Fuvahmulah,83
2319,2568,61,Fuvahmulah,83
2320,2504,61,Fuvahmulah,83
2321,2333,61,Fuvahmulah,83
2322,2314,61,Fuvahmulah,83
2323,2293,61,Fuvahmulah,83
2324,2276,61,Fuvahmulah,83
2325,2206,61,Fuvahmulah,83
2326,2197,61,Fuvahmulah,83
2327,2160,61,Fuvahmulah,83
2328,2095,61,Fuvahmulah,83
2329,2081,61,Fuvahmulah,83
2330,2014,61,Fuvahmulah,83
2331,1985,61,Fuvahmulah,83
2332,1979,61,Fuvahmulah,83
2333,1954,61,Fuvahmulah,83
2334,1927,61,Fuvahmulah,83
2335,1917,61,Fuvahmulah,83
2336,1821,61,Fuvahmulah,83
2337,1452,61,Fuvahmulah,83
2338,1150,61,Fuvahmulah,83
2339,1146,61,Fuvahmulah,83
2340,973,61,Fuvahmulah,83
2341,944,61,Fuvahmulah,83
2342,895,61,Fuvahmulah,83
2343,876,61,Fuvahmulah,83
2344,858,61,Fuvahmulah,83
2345,804,61,Fuvahmulah,83
2346,859,61,Fuvahmulah,83
2347,800,61,Fuvahmulah,83
2348,798,61,Fuvahmulah,83
2349,797,61,Fuvahmulah,83
2350,796,61,Fuvahmulah,83
2351,799,61,Fuvahmulah,83
2352,793,61,Fuvahmulah,83
2353,792,61,Fuvahmulah,83
2354,791,61,Fuvahmulah,83
2355,785,61,Fuvahmulah,83
2356,789,61,Fuvahmulah,83
2357,795,61,Fuvahmulah,83
2358,788,61,Fuvahmulah,83
2359,794,61,Fuvahmulah,83
2360,787,61,Fuvahmulah,83
2361,790,61,Fuvahmulah,83
2362,778,61,Fuvahmulah,83
2363,777,61,Fuvahmulah,83
2364,776,61,Fuvahmulah,83
2365,757,61,Fuvahmulah,83
2366,732,61,Fuvahmulah,83
2367,592,61,Fuvahmulah,83
2368,561,61,Fuvahmulah,83
2369,559,61,Fuvahmulah,83
2370,536,61,Fuvahmulah,83
2371,534,61,Fuvahmulah,83
2372,468,61,Fuvahmulah,83
2373,529,61,Fuvahmulah,83
2374,202,61,Fuvahmulah,83
2375,157,61,Fuvahmulah,83
2376,108,61,Fuvahmulah,83
2377,40,61,Fuvahmulah,83
2378,7,61,Fuvahmulah,83
2379,1826,61,Fuvahmulah,83
2380,2631,61,Fuvahmulah,83
2381,48,61,Fuvahmulah,83
2382,2629,153,Hithadhoo,86
2383,2611,153,Hithadhoo,86
2384,2590,153,Hithadhoo,86
2385,2571,153,Hithadhoo,86
2386,2503,153,Hithadhoo,86
2387,2460,153,Hithadhoo,86
2388,2332,153,Hithadhoo,86
2389,2277,153,Hithadhoo,86
2390,2275,153,Hithadhoo,86
2391,2267,153,Hithadhoo,86
2392,2255,153,Hithadhoo,86
2393,2201,153,Hithadhoo,86
2394,2170,153,Hithadhoo,86
2395,2167,153,Hithadhoo,86
2396,2159,153,Hithadhoo,86
2397,2154,153,Hithadhoo,86
2398,2107,153,Hithadhoo,86
2399,2015,153,Hithadhoo,86
2400,2009,153,Hithadhoo,86
2401,1964,153,Hithadhoo,86
2402,1955,153,Hithadhoo,86
2403,1838,153,Hithadhoo,86
2404,1782,153,Hithadhoo,86
2405,1783,153,Hithadhoo,86
2406,1479,153,Hithadhoo,86
2407,1227,153,Hithadhoo,86
2408,1221,153,Hithadhoo,86
2409,1078,153,Hithadhoo,86
2410,1007,153,Hithadhoo,86
2411,978,153,Hithadhoo,86
2412,942,153,Hithadhoo,86
2413,753,153,Hithadhoo,86
2414,737,153,Hithadhoo,86
2415,735,153,Hithadhoo,86
2416,640,153,Hithadhoo,86
2417,623,153,Hithadhoo,86
2418,618,153,Hithadhoo,86
2419,582,153,Hithadhoo,86
2420,497,153,Hithadhoo,86
2421,440,153,Hithadhoo,86
2422,420,153,Hithadhoo,86
2423,408,153,Hithadhoo,86
2424,376,153,Hithadhoo,86
2425,378,153,Hithadhoo,86
2426,310,153,Hithadhoo,86
2427,192,153,Hithadhoo,86
2428,122,153,Hithadhoo,86
2429,96,153,Hithadhoo,86
2430,34,153,Hithadhoo,86
2431,31,153,Hithadhoo,86
2432,28,153,Hithadhoo,86
2433,27,153,Hithadhoo,86
2434,24,153,Hithadhoo,86
2435,23,153,Hithadhoo,86
2436,251,153,Hithadhoo,86
2437,652,153,Hithadhoo,86
2438,19,153,Hithadhoo,86
2439,253,153,Hithadhoo,86
2440,1225,153,Hithadhoo,86
2441,2064,155,Maradhoo,84
2442,1154,155,Maradhoo,84
2443,986,155,Maradhoo,84
2444,860,155,Maradhoo,84
2445,621,155,Maradhoo,84
2446,30,155,Maradhoo,84
2447,2446,160,Feydhoo,82
2448,2250,160,Feydhoo,82
2449,2248,160,Feydhoo,82
2450,2065,160,Feydhoo,82
2451,1820,160,Feydhoo,82
2452,1796,160,Feydhoo,82
2453,1236,160,Feydhoo,82
2454,1179,160,Feydhoo,82
2455,756,160,Feydhoo,82
2456,698,160,Feydhoo,82
2457,697,160,Feydhoo,82
2458,643,160,Feydhoo,82
2459,1290,160,Feydhoo,82
2460,124,160,Feydhoo,82
2461,73,160,Feydhoo,82
2462,2468,156,Maradhoofeydhoo,88
2463,2355,156,Maradhoofeydhoo,88
2464,2326,156,Maradhoofeydhoo,88
2465,1769,156,Maradhoofeydhoo,88
2466,1198,156,Maradhoofeydhoo,88
2467,1149,156,Maradhoofeydhoo,88
2468,95,156,Maradhoofeydhoo,88
2469,184,156,Maradhoofeydhoo,88
2470,310,156,Maradhoofeydhoo,88
2471,2438,157,Meedhoo,82
2472,1912,157,Meedhoo,82
2473,1896,157,Meedhoo,82
2474,1847,157,Meedhoo,82
2475,1788,157,Meedhoo,82
2476,1791,157,Meedhoo,82
2477,1790,157,Meedhoo,82
2478,1787,157,Meedhoo,82
2479,945,157,Meedhoo,82
2480,745,157,Meedhoo,82
2481,2584,157,Meedhoo,82
2482,25,157,Meedhoo,82
2483,22,157,Meedhoo,82
2484,865,157,Meedhoo,82
2485,425,157,Meedhoo,82
2486,2039,154,Hulhudhoo,86
2487,1746,154,Hulhudhoo,86
2488,1608,154,Hulhudhoo,86
2489,1043,154,Hulhudhoo,86
2490,1041,154,Hulhudhoo,86
2491,1015,154,Hulhudhoo,86
2492,1014,154,Hulhudhoo,86
2493,1013,154,Hulhudhoo,86
2494,1042,154,Hulhudhoo,86
2495,931,154,Hulhudhoo,86
2496,893,154,Hulhudhoo,86
2497,614,154,Hulhudhoo,86
2498,470,154,Hulhudhoo,86
2499,195,154,Hulhudhoo,86
2500,32,154,Hulhudhoo,86
