island_id,atoll_id,baby_nursery_male,baby_nursery_female,nursery_male,nursery_female,lkg_male,lkg_female,ukg_male,ukg_female,grade1_male,grade2_male,grade3_male,grade4_male,grade5_male,grade6_male,grade7_male,grade8_male,grade9_male,grade10_male,grade11_male,grade12_male,grade1_female,grade2_female,grade3_female,grade4_female,grade5_female,grade6_female,grade7_female,grade8_female,grade9_female,grade10_female,grade11_female,grade12_female,total_male,total_female,percentage_male,percentage_female,original_location
62.0,9.0,2.0,3.0,10.0,12.0,15.0,6.0,12.0,18.0,12.0,17.0,7.0,16.0,13.0,9.0,9.0,9.0,15.0,14.0,,,8.0,15.0,11.0,11.0,7.0,17.0,10.0,9.0,6.0,10.0,,,160.0,143,52.81,47.19,Haa Alif Baarah
63.0,9.0,,,3.0,1.0,32.0,41.0,43.0,52.0,47.0,33.0,45.0,39.0,46.0,40.0,29.0,48.0,42.0,42.0,1.0,11.0,45.0,41.0,45.0,41.0,38.0,33.0,43.0,36.0,33.0,33.0,4.0,15.0,501.0,501,50.0,50.0,Haa Alif Dhidhdhoo
64.0,9.0,,,,,6.0,3.0,9.0,6.0,3.0,5.0,2.0,7.0,7.0,6.0,5.0,4.0,4.0,6.0,,,8.0,3.0,6.0,5.0,5.0,5.0,7.0,5.0,7.0,2.0,,,64.0,62,50.79,49.21,Haa Alif Filladhoo
65.0,9.0,,,,,14.0,15.0,22.0,17.0,17.0,23.0,17.0,23.0,18.0,22.0,12.0,15.0,19.0,13.0,,,17.0,21.0,13.0,15.0,14.0,13.0,20.0,21.0,24.0,13.0,,,215.0,203,51.44,48.56,Haa Alif Hoarafushi
66.0,9.0,16.0,12.0,25.0,34.0,36.0,25.0,39.0,33.0,42.0,42.0,34.0,41.0,32.0,28.0,33.0,35.0,47.0,30.0,4.0,5.0,25.0,45.0,40.0,29.0,32.0,30.0,29.0,35.0,29.0,28.0,12.0,13.0,489.0,451,52.02,47.98,Haa Alif Ihavandhoo
67.0,9.0,,,,,10.0,9.0,12.0,11.0,13.0,11.0,11.0,5.0,7.0,11.0,15.0,6.0,10.0,12.0,,,8.0,12.0,13.0,8.0,11.0,9.0,8.0,9.0,8.0,6.0,,,123.0,112,52.34,47.66,Haa Alif Kelaa
68.0,9.0,,,,,3.0,9.0,9.0,1.0,5.0,9.0,12.0,11.0,9.0,11.0,10.0,6.0,7.0,7.0,,,12.0,13.0,5.0,4.0,9.0,5.0,2.0,7.0,5.0,9.0,,,99.0,81,55.0,45.0,Haa Alif Maarandhoo
69.0,9.0,5.0,1.0,2.0,2.0,1.0,3.0,6.0,1.0,3.0,4.0,1.0,3.0,,3.0,1.0,5.0,1.0,3.0,,,,2.0,1.0,,,5.0,1.0,1.0,2.0,2.0,,,38.0,21,64.41,35.59,Haa Alif Mulhadhoo
70.0,9.0,5.0,4.0,8.0,7.0,6.0,3.0,5.0,5.0,5.0,7.0,5.0,8.0,7.0,9.0,10.0,12.0,5.0,5.0,,,3.0,15.0,14.0,4.0,9.0,7.0,6.0,8.0,2.0,5.0,,,97.0,92,51.32,48.68,Haa Alif Muraidhoo
71.0,9.0,3.0,3.0,1.0,3.0,,2.0,3.0,2.0,2.0,2.0,2.0,4.0,,,,1.0,,,,,,4.0,,3.0,1.0,2.0,2.0,,,,,,18.0,22,45.0,55.0,Haa Alif Thakandhoo
72.0,9.0,,,,,3.0,3.0,5.0,4.0,,5.0,2.0,2.0,9.0,5.0,5.0,4.0,4.0,1.0,,,7.0,6.0,1.0,3.0,3.0,4.0,3.0,,9.0,2.0,,,45.0,45,50.0,50.0,Haa Alif Thuraakunu
73.0,9.0,,,,,1.0,3.0,,2.0,2.0,4.0,3.0,4.0,1.0,2.0,4.0,3.0,4.0,2.0,,,6.0,4.0,6.0,5.0,4.0,4.0,2.0,4.0,4.0,2.0,,,30.0,46,39.47,60.53,Haa Alif Uligamu
74.0,9.0,,,,,6.0,4.0,3.0,8.0,3.0,10.0,9.0,4.0,7.0,7.0,8.0,7.0,1.0,6.0,,,6.0,10.0,10.0,3.0,3.0,10.0,10.0,4.0,10.0,6.0,,,71.0,84,45.81,54.19,Haa Alif Utheemu
75.0,9.0,3.0,1.0,2.0,3.0,6.0,2.0,4.0,6.0,9.0,3.0,8.0,3.0,2.0,4.0,,1.0,4.0,6.0,,,8.0,3.0,1.0,6.0,4.0,2.0,8.0,5.0,2.0,3.0,,,55.0,54,50.46,49.54,Haa Alif Vashafaru
76.0,10.0,,,,,8.0,5.0,2.0,2.0,5.0,3.0,3.0,4.0,7.0,4.0,3.0,3.0,1.0,3.0,,,6.0,9.0,5.0,4.0,1.0,3.0,6.0,7.0,5.0,2.0,,,46.0,55,45.54,54.46,Haa Dhaalu Finey
77.0,10.0,18.0,22.0,18.0,23.0,18.0,10.0,20.0,14.0,20.0,26.0,15.0,29.0,23.0,20.0,25.0,21.0,13.0,25.0,6.0,,13.0,25.0,18.0,23.0,19.0,27.0,18.0,19.0,10.0,12.0,12.0,,297.0,265,52.85,47.15,Haa Dhaalu Hanimaadhoo
78.0,10.0,,,,,,3.0,2.0,3.0,4.0,4.0,5.0,2.0,2.0,2.0,,1.0,2.0,2.0,,,2.0,2.0,,1.0,,,1.0,3.0,,2.0,,,26.0,17,60.47,39.53,Haa Dhaalu Hirimaradhoo
79.0,10.0,31.0,26.0,62.0,59.0,64.0,59.0,104.0,106.0,102.0,148.0,103.0,114.0,137.0,132.0,136.0,124.0,101.0,97.0,31.0,37.0,110.0,105.0,107.0,125.0,109.0,106.0,115.0,113.0,105.0,92.0,42.0,32.0,1523.0,1411,51.91,48.09,Haa Dhaalu Kulhudhuffushi
80.0,10.0,7.0,5.0,10.0,6.0,11.0,8.0,11.0,11.0,6.0,14.0,12.0,13.0,6.0,8.0,12.0,10.0,15.0,11.0,,,7.0,10.0,11.0,4.0,9.0,12.0,11.0,10.0,13.0,4.0,,,146.0,121,54.68,45.32,Haa Dhaalu Kumundhoo
81.0,10.0,2.0,5.0,4.0,2.0,3.0,,3.0,9.0,8.0,4.0,7.0,5.0,2.0,6.0,8.0,7.0,5.0,3.0,,,6.0,9.0,6.0,5.0,8.0,5.0,4.0,6.0,6.0,5.0,,,67.0,76,46.85,53.15,Haa Dhaalu Kurinbi
82.0,10.0,,,,,17.0,12.0,18.0,16.0,14.0,26.0,14.0,13.0,18.0,16.0,11.0,14.0,14.0,11.0,,,11.0,31.0,11.0,14.0,14.0,17.0,13.0,12.0,12.0,16.0,,,186.0,179,50.96,49.04,Haa Dhaalu Makunudhoo
83.0,10.0,,,,,7.0,8.0,5.0,5.0,4.0,6.0,5.0,7.0,8.0,7.0,4.0,7.0,2.0,4.0,,,5.0,7.0,6.0,10.0,8.0,1.0,6.0,2.0,1.0,4.0,,,66.0,63,51.16,48.84,Haa Dhaalu Naivaadhoo
84.0,10.0,8.0,8.0,12.0,9.0,6.0,9.0,12.0,13.0,9.0,12.0,12.0,7.0,16.0,16.0,16.0,11.0,11.0,12.0,6.0,1.0,12.0,14.0,11.0,12.0,10.0,12.0,13.0,19.0,15.0,8.0,8.0,6.0,167.0,179,48.27,51.73,Haa Dhaalu Nellaidhoo
85.0,10.0,3.0,7.0,4.0,6.0,8.0,3.0,4.0,6.0,7.0,8.0,10.0,5.0,6.0,12.0,5.0,11.0,3.0,5.0,,,5.0,7.0,5.0,8.0,8.0,7.0,3.0,5.0,5.0,9.0,,,91.0,84,52.0,48.0,Haa Dhaalu Neykurendhoo
86.0,10.0,15.0,14.0,31.0,23.0,21.0,19.0,28.0,24.0,12.0,27.0,29.0,31.0,35.0,33.0,22.0,24.0,22.0,27.0,,,21.0,35.0,21.0,18.0,31.0,29.0,29.0,27.0,26.0,24.0,,,357.0,341,51.15,48.85,Haa Dhaalu Nolhivaram
87.0,10.0,,,,,10.0,13.0,13.0,11.0,17.0,21.0,20.0,11.0,12.0,21.0,13.0,11.0,11.0,8.0,,,13.0,20.0,9.0,19.0,8.0,13.0,8.0,14.0,10.0,13.0,,,168.0,151,52.66,47.34,Haa Dhaalu Nolhivaranfaru
88.0,10.0,,,,,9.0,2.0,3.0,9.0,7.0,6.0,7.0,7.0,8.0,14.0,8.0,7.0,9.0,9.0,,,6.0,12.0,12.0,7.0,8.0,8.0,8.0,7.0,9.0,6.0,,,94.0,94,50.0,50.0,Haa Dhaalu Vaikaradhoo
158.0,19.0,6.0,4.0,4.0,1.0,5.0,5.0,5.0,5.0,8.0,6.0,7.0,9.0,9.0,3.0,10.0,9.0,8.0,3.0,,,2.0,10.0,9.0,7.0,6.0,6.0,1.0,5.0,5.0,3.0,,,92.0,69,57.14,42.86,Shaviyani Bileffahi
159.0,19.0,,,,,8.0,7.0,8.0,4.0,11.0,13.0,4.0,6.0,10.0,10.0,7.0,6.0,4.0,2.0,,,6.0,12.0,9.0,7.0,10.0,6.0,10.0,7.0,7.0,6.0,,,89.0,91,49.44,50.56,Shaviyani Feevah
160.0,19.0,9.0,5.0,5.0,9.0,7.0,11.0,10.0,8.0,5.0,11.0,6.0,13.0,9.0,12.0,11.0,8.0,8.0,9.0,,,17.0,15.0,11.0,7.0,9.0,6.0,10.0,14.0,9.0,9.0,,,123.0,140,46.77,53.23,Shaviyani Feydhoo
161.0,19.0,,,,,20.0,18.0,19.0,14.0,21.0,15.0,24.0,18.0,19.0,21.0,17.0,20.0,17.0,16.0,9.0,4.0,16.0,19.0,23.0,20.0,14.0,19.0,25.0,10.0,17.0,24.0,4.0,7.0,240.0,230,51.06,48.94,Shaviyani Foakaidhoo
162.0,19.0,21.0,15.0,11.0,14.0,19.0,22.0,21.0,16.0,20.0,27.0,25.0,26.0,23.0,35.0,21.0,23.0,18.0,29.0,2.0,,31.0,32.0,13.0,26.0,19.0,25.0,25.0,36.0,27.0,15.0,8.0,,321.0,324,49.77,50.23,Shaviyani Funadhoo
163.0,19.0,,,,,4.0,6.0,10.0,6.0,2.0,4.0,6.0,4.0,8.0,9.0,7.0,6.0,5.0,4.0,,,7.0,10.0,4.0,5.0,6.0,4.0,7.0,5.0,6.0,2.0,,,69.0,68,50.36,49.64,Shaviyani Goidhoo
164.0,19.0,11.0,13.0,6.0,16.0,14.0,13.0,8.0,13.0,12.0,30.0,13.0,15.0,11.0,11.0,14.0,8.0,14.0,13.0,,,14.0,19.0,12.0,10.0,8.0,23.0,17.0,10.0,16.0,20.0,,,180.0,204,46.88,53.13,Shaviyani Kanditheemu
165.0,19.0,9.0,4.0,4.0,8.0,,,7.0,8.0,9.0,13.0,8.0,10.0,12.0,5.0,12.0,12.0,13.0,12.0,6.0,1.0,11.0,8.0,12.0,9.0,6.0,8.0,6.0,5.0,13.0,13.0,8.0,2.0,133.0,121,52.36,47.64,Shaviyani Komandoo
166.0,19.0,,,,,7.0,8.0,4.0,2.0,4.0,9.0,8.0,6.0,5.0,7.0,10.0,8.0,9.0,6.0,,,9.0,13.0,8.0,8.0,1.0,5.0,9.0,7.0,3.0,5.0,,,83.0,78,51.55,48.45,Shaviyani Lhaimagu
167.0,19.0,4.0,5.0,6.0,16.0,10.0,8.0,13.0,8.0,10.0,16.0,9.0,12.0,10.0,12.0,14.0,7.0,5.0,9.0,,,6.0,16.0,3.0,4.0,14.0,13.0,9.0,20.0,8.0,8.0,,,137.0,138,49.82,50.18,Shaviyani Maaungoodhoo
168.0,19.0,2.0,5.0,,,4.0,3.0,5.0,6.0,6.0,6.0,4.0,2.0,8.0,2.0,3.0,5.0,4.0,3.0,,,2.0,3.0,4.0,3.0,5.0,4.0,3.0,2.0,9.0,7.0,,,54.0,56,49.09,50.91,Shaviyani Maroshi
169.0,19.0,,,,,20.0,14.0,35.0,18.0,26.0,23.0,26.0,26.0,26.0,36.0,35.0,39.0,17.0,26.0,7.0,1.0,25.0,28.0,22.0,19.0,17.0,23.0,26.0,35.0,24.0,17.0,13.0,4.0,343.0,285,54.62,45.38,Shaviyani Milandhoo
170.0,19.0,,,,,3.0,3.0,5.0,4.0,11.0,7.0,3.0,8.0,5.0,11.0,5.0,7.0,8.0,10.0,,,7.0,5.0,5.0,3.0,2.0,8.0,6.0,6.0,1.0,3.0,,,83.0,53,61.03,38.97,Shaviyani Narudhoo
171.0,19.0,,,,,6.0,4.0,11.0,3.0,4.0,4.0,6.0,6.0,4.0,6.0,2.0,4.0,4.0,5.0,,,3.0,2.0,4.0,3.0,4.0,2.0,1.0,5.0,3.0,2.0,,,62.0,36,63.27,36.73,Shaviyani Noomaraa
124.0,16.0,5.0,1.0,,4.0,2.0,6.0,10.0,4.0,1.0,7.0,,1.0,5.0,2.0,3.0,2.0,4.0,5.0,,,3.0,,1.0,3.0,1.0,2.0,4.0,1.0,1.0,,,,47.0,31,60.26,39.74,Noonu Fodhdhoo
125.0,16.0,13.0,7.0,5.0,8.0,7.0,3.0,13.0,4.0,11.0,10.0,7.0,2.0,6.0,7.0,15.0,8.0,,6.0,,,4.0,9.0,5.0,10.0,5.0,13.0,6.0,9.0,5.0,7.0,,,110.0,95,53.66,46.34,Noonu Henbadhoo
126.0,16.0,,,4.0,8.0,11.0,9.0,13.0,17.0,9.0,20.0,10.0,16.0,12.0,11.0,19.0,12.0,13.0,15.0,13.0,2.0,12.0,15.0,12.0,16.0,18.0,20.0,17.0,17.0,15.0,17.0,13.0,1.0,180.0,207,46.51,53.49,Noonu Holhudhoo
127.0,16.0,16.0,9.0,17.0,16.0,22.0,18.0,21.0,17.0,26.0,19.0,24.0,16.0,17.0,26.0,20.0,13.0,15.0,12.0,6.0,6.0,28.0,13.0,20.0,11.0,14.0,13.0,11.0,23.0,12.0,9.0,11.0,10.0,276.0,235,54.01,45.99,Noonu Kendhikulhudhoo
128.0,16.0,,,,,3.0,7.0,8.0,8.0,6.0,9.0,7.0,5.0,10.0,2.0,6.0,9.0,10.0,9.0,,,7.0,12.0,5.0,8.0,7.0,4.0,7.0,9.0,4.0,6.0,,,84.0,84,50.0,50.0,Noonu Kudafaree
129.0,16.0,6.0,8.0,7.0,14.0,2.0,15.0,11.0,6.0,7.0,8.0,9.0,9.0,9.0,15.0,5.0,7.0,10.0,6.0,,,4.0,13.0,7.0,10.0,11.0,12.0,13.0,8.0,7.0,6.0,,,111.0,134,45.31,54.69,Noonu Landhoo
130.0,16.0,7.0,6.0,7.0,8.0,9.0,8.0,11.0,4.0,6.0,9.0,10.0,8.0,6.0,14.0,3.0,7.0,6.0,2.0,,,7.0,11.0,11.0,4.0,5.0,12.0,7.0,5.0,10.0,7.0,,,105.0,105,50.0,50.0,Noonu Lhohee
131.0,16.0,5.0,3.0,11.0,5.0,12.0,6.0,10.0,7.0,8.0,13.0,9.0,12.0,7.0,8.0,8.0,11.0,5.0,8.0,,,13.0,16.0,6.0,8.0,7.0,10.0,7.0,7.0,9.0,10.0,,,127.0,114,52.7,47.3,Noonu Maafaru
132.0,16.0,4.0,5.0,10.0,5.0,5.0,9.0,8.0,8.0,9.0,12.0,3.0,9.0,8.0,6.0,8.0,8.0,8.0,9.0,,,4.0,15.0,8.0,9.0,12.0,9.0,5.0,8.0,8.0,6.0,,,107.0,111,49.08,50.92,Noonu Maalhendhoo
133.0,16.0,2.0,4.0,3.0,4.0,,2.0,4.0,3.0,7.0,7.0,3.0,7.0,2.0,,3.0,8.0,4.0,6.0,,,4.0,3.0,7.0,4.0,4.0,5.0,1.0,2.0,1.0,3.0,,,56.0,47,54.37,45.63,Noonu Magoodhoo
134.0,16.0,7.0,4.0,17.0,11.0,10.0,8.0,12.0,23.0,17.0,19.0,16.0,18.0,18.0,19.0,18.0,19.0,15.0,20.0,,,9.0,20.0,13.0,15.0,11.0,16.0,21.0,22.0,21.0,10.0,,,225.0,204,52.45,47.55,Noonu Manadhoo
135.0,16.0,,,,,14.0,5.0,15.0,15.0,15.0,10.0,9.0,10.0,11.0,4.0,8.0,17.0,12.0,12.0,,,7.0,12.0,5.0,9.0,6.0,19.0,9.0,11.0,11.0,17.0,,,137.0,126,52.09,47.91,Noonu Miladhoo
136.0,16.0,,,,,12.0,13.0,14.0,21.0,23.0,23.0,17.0,17.0,14.0,18.0,18.0,29.0,15.0,13.0,,,19.0,17.0,10.0,10.0,24.0,16.0,17.0,17.0,12.0,11.0,,,213.0,187,53.25,46.75,Noonu Velidhoo
137.0,17.0,9.0,14.0,15.0,12.0,14.0,21.0,15.0,17.0,17.0,17.0,20.0,29.0,23.0,16.0,18.0,25.0,23.0,20.0,6.0,,13.0,22.0,15.0,14.0,19.0,17.0,11.0,18.0,24.0,10.0,10.0,5.0,267.0,242,52.46,47.54,Raa Alifushi
138.0,17.0,,,,,4.0,6.0,6.0,4.0,2.0,2.0,7.0,1.0,8.0,2.0,4.0,8.0,1.0,2.0,,,4.0,8.0,2.0,4.0,5.0,6.0,3.0,1.0,4.0,1.0,,,47.0,48,49.47,50.53,Raa Angolhitheemu
139.0,17.0,,,,,40.0,29.0,41.0,37.0,45.0,44.0,34.0,44.0,27.0,40.0,38.0,41.0,32.0,37.0,,,37.0,43.0,40.0,39.0,27.0,28.0,32.0,38.0,35.0,25.0,,,463.0,410,53.04,46.96,Raa Dhuvaafaru
140.0,17.0,,,,,2.0,7.0,6.0,4.0,6.0,9.0,4.0,5.0,6.0,6.0,7.0,3.0,4.0,4.0,,,2.0,3.0,2.0,3.0,2.0,5.0,5.0,3.0,2.0,2.0,,,62.0,40,60.78,39.22,Raa Fainu
141.0,17.0,6.0,8.0,11.0,8.0,12.0,8.0,8.0,12.0,20.0,13.0,10.0,15.0,16.0,10.0,11.0,20.0,22.0,14.0,10.0,16.0,15.0,8.0,11.0,18.0,12.0,18.0,14.0,15.0,16.0,6.0,11.0,18.0,214.0,198,51.94,48.06,Raa Hulhudhuffaaru
142.0,17.0,9.0,7.0,5.0,6.0,9.0,28.0,12.0,18.0,15.0,24.0,17.0,14.0,17.0,19.0,15.0,8.0,11.0,12.0,,,18.0,21.0,13.0,16.0,13.0,12.0,10.0,18.0,11.0,8.0,,,187.0,199,48.45,51.55,Raa Inguraidhoo
143.0,17.0,,,4.0,8.0,9.0,5.0,6.0,5.0,5.0,2.0,3.0,5.0,4.0,8.0,5.0,4.0,7.0,7.0,,,8.0,8.0,2.0,6.0,4.0,6.0,7.0,4.0,6.0,2.0,,,69.0,71,49.29,50.71,Raa Innamaadhoo
144.0,17.0,,,,,7.0,5.0,7.0,7.0,7.0,12.0,8.0,5.0,5.0,8.0,6.0,9.0,4.0,4.0,,,5.0,6.0,9.0,7.0,7.0,6.0,5.0,10.0,6.0,5.0,,,82.0,78,51.25,48.75,Raa Kinolhas
145.0,17.0,2.0,6.0,5.0,6.0,7.0,7.0,17.0,7.0,10.0,7.0,8.0,8.0,13.0,16.0,4.0,7.0,6.0,10.0,,,14.0,15.0,13.0,12.0,6.0,11.0,12.0,12.0,6.0,6.0,,,120.0,133,47.43,52.57,Raa Maakurathu
146.0,17.0,8.0,11.0,12.0,14.0,19.0,23.0,25.0,22.0,30.0,24.0,16.0,14.0,22.0,17.0,15.0,17.0,13.0,8.0,,,25.0,23.0,18.0,13.0,13.0,20.0,16.0,12.0,15.0,10.0,,,240.0,235,50.53,49.47,Raa Maduvvaree
157.0,18.0,14.0,13.0,17.0,17.0,17.0,14.0,25.0,27.0,11.0,23.0,17.0,19.0,19.0,15.0,25.0,17.0,13.0,25.0,15.0,6.0,13.0,29.0,15.0,16.0,24.0,20.0,13.0,26.0,18.0,15.0,10.0,17.0,278.0,287,49.2,50.8,Raa Meedhoo
148.0,17.0,,,,,4.0,,8.0,5.0,2.0,8.0,3.0,3.0,2.0,3.0,1.0,6.0,4.0,3.0,,,3.0,10.0,3.0,4.0,8.0,6.0,5.0,8.0,2.0,5.0,,,47.0,59,44.34,55.66,Raa Rasgetheemu
149.0,17.0,4.0,4.0,3.0,6.0,4.0,5.0,6.0,8.0,8.0,11.0,4.0,,2.0,3.0,11.0,9.0,4.0,10.0,,,4.0,10.0,5.0,4.0,6.0,5.0,6.0,3.0,4.0,9.0,,,79.0,79,50.0,50.0,Raa Rasmaadhoo
150.0,17.0,17.0,17.0,12.0,18.0,16.0,22.0,17.0,15.0,20.0,23.0,24.0,15.0,21.0,20.0,19.0,16.0,15.0,17.0,,,18.0,32.0,16.0,17.0,27.0,17.0,17.0,17.0,23.0,17.0,,,252.0,273,48.0,52.0,Raa Ungoofaaru
151.0,17.0,69.0,80.0,84.0,95.0,4.0,3.0,6.0,5.0,4.0,7.0,6.0,7.0,4.0,5.0,5.0,7.0,2.0,4.0,31.0,22.0,2.0,6.0,3.0,4.0,2.0,3.0,5.0,5.0,3.0,3.0,31.0,40.0,61.0,44,58.1,41.9,Raa Vaadhoo-1
19.0,3.0,,,,,1.0,1.0,,,4.0,2.0,,1.0,,3.0,1.0,1.0,1.0,1.0,,,1.0,3.0,1.0,2.0,1.0,1.0,1.0,2.0,2.0,,,,15.0,15,50.0,50.0,Baa Dharavandhoo
20.0,3.0,,,,,6.0,8.0,9.0,13.0,7.0,8.0,13.0,7.0,9.0,12.0,13.0,7.0,9.0,9.0,5.0,,10.0,11.0,11.0,9.0,10.0,7.0,8.0,5.0,12.0,5.0,5.0,,114.0,114,50.0,50.0,Baa Dhonfanu
21.0,3.0,13.0,7.0,28.0,24.0,8.0,3.0,4.0,3.0,3.0,3.0,3.0,3.0,2.0,4.0,5.0,4.0,1.0,4.0,,,4.0,3.0,8.0,5.0,3.0,,5.0,9.0,4.0,7.0,,,85.0,85,50.0,50.0,Baa Eydhafushi
22.0,3.0,,,,,22.0,12.0,29.0,14.0,29.0,25.0,26.0,17.0,29.0,34.0,31.0,36.0,20.0,30.0,13.0,15.0,34.0,29.0,29.0,27.0,27.0,28.0,34.0,40.0,30.0,28.0,23.0,22.0,356.0,377,48.57,51.43,Baa Fehendhoo
23.0,3.0,,,,,2.0,1.0,2.0,,3.0,,3.0,3.0,2.0,3.0,1.0,,,1.0,,,3.0,2.0,1.0,3.0,3.0,,2.0,2.0,1.0,1.0,,,20.0,19,51.28,48.72,Baa Fulhadhoo
163.0,19.0,3.0,4.0,8.0,4.0,4.0,11.0,5.0,8.0,5.0,3.0,4.0,9.0,4.0,3.0,6.0,7.0,5.0,4.0,,,3.0,6.0,7.0,8.0,3.0,6.0,3.0,2.0,5.0,4.0,,,70.0,74,48.61,51.39,Baa Goidhoo-1
25.0,3.0,,,,5.0,6.0,8.0,11.0,8.0,13.0,11.0,5.0,9.0,8.0,14.0,14.0,15.0,7.0,8.0,,,10.0,7.0,7.0,7.0,9.0,8.0,11.0,13.0,7.0,9.0,,,121.0,109,52.61,47.39,Baa Hithaadhoo
26.0,3.0,3.0,3.0,2.0,6.0,3.0,3.0,3.0,6.0,5.0,4.0,1.0,3.0,3.0,3.0,3.0,2.0,6.0,,,,5.0,1.0,,2.0,3.0,3.0,4.0,2.0,,7.0,,,41.0,45,47.67,52.33,Baa Kamadhoo
27.0,3.0,5.0,7.0,5.0,11.0,,,14.0,7.0,15.0,11.0,8.0,7.0,11.0,15.0,8.0,6.0,10.0,14.0,,,15.0,9.0,9.0,7.0,17.0,7.0,6.0,11.0,10.0,5.0,,,129.0,121,51.6,48.4,Baa Kendhoo
28.0,3.0,5.0,8.0,1.0,7.0,9.0,2.0,9.0,4.0,2.0,5.0,2.0,5.0,5.0,5.0,8.0,3.0,5.0,4.0,,,2.0,6.0,4.0,10.0,5.0,5.0,7.0,7.0,2.0,8.0,,,68.0,77,46.9,53.1,Baa Kihaadhoo
29.0,3.0,4.0,5.0,4.0,2.0,13.0,1.0,4.0,5.0,5.0,8.0,4.0,8.0,4.0,3.0,4.0,4.0,4.0,5.0,,,6.0,7.0,7.0,4.0,4.0,12.0,5.0,4.0,1.0,3.0,,,74.0,66,52.86,47.14,Baa Kudarikilu
30.0,3.0,1.0,2.0,8.0,5.0,9.0,8.0,9.0,7.0,7.0,6.0,5.0,6.0,9.0,7.0,6.0,5.0,4.0,1.0,,,8.0,7.0,8.0,9.0,4.0,2.0,5.0,7.0,6.0,6.0,,,83.0,84,49.7,50.3,Baa Maalhos-1
31.0,3.0,11.0,12.0,15.0,13.0,19.0,12.0,13.0,13.0,18.0,13.0,19.0,17.0,19.0,12.0,13.0,19.0,14.0,17.0,18.0,15.0,20.0,14.0,16.0,18.0,13.0,15.0,98.0,17.0,88.0,14.0,28.0,22.0,219.0,192,53.28,46.72,Baa Thulhaadhoo
109.0,13.0,,,,,26.0,16.0,27.0,26.0,19.0,37.0,17.0,36.0,19.0,22.0,12.0,28.0,10.0,16.0,5.0,4.0,11.0,31.0,21.0,28.0,23.0,17.0,26.0,18.0,20.0,25.0,9.0,6.0,278.0,277,50.09,49.91,Lhaviyani Hinnavaru
110.0,13.0,4.0,7.0,10.0,6.0,12.0,9.0,12.0,15.0,12.0,19.0,8.0,14.0,8.0,10.0,11.0,11.0,18.0,12.0,,,12.0,9.0,16.0,8.0,17.0,8.0,14.0,11.0,10.0,8.0,,,161.0,150,51.77,48.23,Lhaviyani Kurendhoo
111.0,13.0,10.0,15.0,14.0,14.0,48.0,33.0,51.0,51.0,36.0,47.0,41.0,42.0,48.0,38.0,42.0,44.0,40.0,29.0,9.0,4.0,54.0,60.0,46.0,49.0,38.0,48.0,38.0,46.0,38.0,29.0,12.0,8.0,543.0,579,48.4,51.6,Lhaviyani Naifaru
112.0,13.0,14.0,22.0,24.0,20.0,7.0,60.0,8.0,99.0,9.0,9.0,5.0,11.0,7.0,9.0,6.0,5.0,8.0,5.0,14.0,8.0,86.0,8.0,89.0,91.0,11.0,81.0,84.0,84.0,75.0,10.0,21.0,14.0,89.0,89,50.0,50.0,Lhaviyani Olhuvelifushi
89.0,11.0,8.0,7.0,7.0,12.0,11.0,10.0,8.0,18.0,17.0,12.0,9.0,13.0,12.0,12.0,7.0,10.0,12.0,10.0,,,18.0,12.0,10.0,7.0,10.0,11.0,6.0,8.0,15.0,9.0,,,148.0,153,49.2,50.8,Kaafu Dhiffushi
90.0,11.0,,,,,12.0,16.0,14.0,14.0,16.0,23.0,13.0,11.0,14.0,17.0,16.0,12.0,17.0,14.0,,,21.0,26.0,14.0,17.0,18.0,17.0,14.0,5.0,13.0,10.0,,,179.0,185,49.2,50.8,Kaafu Gaafaru
91.0,11.0,,,,,7.0,4.0,8.0,9.0,6.0,18.0,10.0,4.0,14.0,15.0,6.0,5.0,5.0,8.0,,,8.0,7.0,7.0,8.0,6.0,11.0,7.0,6.0,10.0,6.0,,,106.0,89,54.4,45.6,Kaafu Gulhi
175.0,20.0,,,,,14.0,11.0,19.0,10.0,18.0,19.0,12.0,17.0,19.0,21.0,13.0,16.0,10.0,15.0,,,7.0,18.0,15.0,17.0,12.0,19.0,20.0,8.0,16.0,11.0,,,193.0,164,54.1,45.9,Kaafu Guraidhoo
93.0,11.0,13.0,6.0,11.0,5.0,16.0,11.0,11.0,16.0,17.0,9.0,10.0,11.0,9.0,9.0,5.0,10.0,5.0,8.0,,,13.0,8.0,9.0,14.0,13.0,8.0,8.0,9.0,7.0,3.0,,,144.0,130,52.6,47.4,Kaafu Himmafushi
94.0,11.0,,,,,15.0,12.0,22.0,17.0,10.0,21.0,12.0,13.0,16.0,9.0,9.0,13.0,14.0,6.0,,,13.0,23.0,11.0,11.0,16.0,13.0,13.0,16.0,12.0,10.0,,,160.0,167,48.9,51.1,Kaafu Huraa
95.0,11.0,10.0,11.0,22.0,16.0,30.0,16.0,20.0,20.0,16.0,20.0,26.0,22.0,17.0,21.0,23.0,25.0,28.0,20.0,,,18.0,23.0,16.0,14.0,19.0,21.0,12.0,14.0,23.0,11.0,,,300.0,234,56.2,43.8,Kaafu Kaashidhoo
96.0,11.0,19.0,13.0,16.0,14.0,20.0,20.0,22.0,26.0,16.0,29.0,33.0,26.0,24.0,25.0,25.0,14.0,24.0,19.0,4.0,,16.0,35.0,25.0,18.0,17.0,23.0,16.0,14.0,14.0,17.0,5.0,,316.0,273,53.7,46.3,Kaafu Maafushi
97.0,11.0,10.0,44.0,1.0,50.0,13.0,9.0,14.0,4.0,5.0,20.0,14.0,12.0,8.0,18.0,17.0,11.0,15.0,10.0,4.0,,12.0,20.0,9.0,17.0,19.0,12.0,11.0,13.0,8.0,85.0,5.0,,168.0,152,52.5,47.5,Kaafu Thulusdhoo
1.0,1.0,,,,,8.0,2.0,17.0,8.0,4.0,12.0,3.0,6.0,8.0,6.0,9.0,12.0,7.0,10.0,,,8.0,13.0,11.0,5.0,10.0,4.0,11.0,9.0,8.0,8.0,,,102.0,97,51.3,48.7,Alif Alif Bodufolhudhoo
2.0,1.0,,,,,6.0,4.0,6.0,8.0,2.0,10.0,10.0,3.0,6.0,6.0,4.0,10.0,6.0,2.0,,,7.0,4.0,3.0,4.0,6.0,3.0,4.0,2.0,6.0,2.0,,,71.0,53,57.3,42.7,Alif Alif Feridhoo
3.0,1.0,3.0,5.0,11.0,5.0,6.0,6.0,7.0,7.0,15.0,9.0,14.0,12.0,7.0,7.0,4.0,20.0,8.0,17.0,,,9.0,8.0,9.0,10.0,13.0,12.0,9.0,7.0,1.0,11.0,,,140.0,112,55.6,44.4,Alif Alif Himandhoo
30.0,3.0,10.0,5.0,10.0,3.0,11.0,2.0,,7.0,8.0,6.0,4.0,9.0,6.0,6.0,2.0,5.0,5.0,4.0,,,7.0,7.0,7.0,2.0,3.0,7.0,5.0,5.0,8.0,6.0,,,86.0,74,53.8,46.3,Alif Alif Maalhos
5.0,1.0,4.0,4.0,8.0,11.0,9.0,5.0,11.0,16.0,9.0,10.0,10.0,8.0,10.0,10.0,9.0,9.0,10.0,12.0,,,12.0,7.0,11.0,5.0,10.0,8.0,12.0,9.0,11.0,4.0,,,129.0,125,50.8,49.2,Alif Alif Mathiveri
6.0,1.0,13.0,7.0,11.0,9.0,10.0,13.0,11.0,10.0,9.0,14.0,11.0,14.0,12.0,10.0,15.0,8.0,11.0,11.0,,,12.0,9.0,6.0,11.0,6.0,12.0,11.0,7.0,10.0,8.0,,,160.0,131,55.0,45.0,Alif Alif Rasdhoo
7.0,1.0,,,,,15.0,23.0,15.0,17.0,22.0,14.0,22.0,23.0,26.0,21.0,17.0,13.0,20.0,15.0,4.0,4.0,19.0,23.0,13.0,16.0,10.0,20.0,15.0,15.0,13.0,12.0,3.0,1.0,231.0,200,53.6,46.4,Alif Alif Thoddoo
8.0,1.0,,,,,12.0,7.0,13.0,9.0,10.0,12.0,11.0,6.0,26.0,17.0,14.0,17.0,16.0,16.0,7.0,,26.0,11.0,14.0,16.0,19.0,11.0,10.0,16.0,16.0,17.0,5.0,,177.0,177,50.0,50.0,Alif Alif Ukulhas
9.0,2.0,6.0,7.0,3.0,1.0,4.0,3.0,5.0,7.0,11.0,12.0,9.0,17.0,9.0,6.0,12.0,4.0,10.0,5.0,,,12.0,10.0,15.0,8.0,9.0,9.0,4.0,8.0,7.0,4.0,,,113.0,104,52.1,47.9,Alif Dhaalu Dhangethi
63.0,9.0,,,,,1.0,3.0,,,,2.0,1.0,,1.0,2.0,,,,,,,,,1.0,,1.0,,,1.0,,,,,7.0,6,53.8,46.2,Alif Dhaalu Dhiddhoo
10.0,2.0,,,,,6.0,4.0,3.0,2.0,5.0,4.0,6.0,7.0,2.0,4.0,7.0,3.0,3.0,7.0,,,5.0,7.0,3.0,4.0,7.0,5.0,7.0,6.0,,3.0,,,57.0,53,51.8,48.2,Alif Dhaalu Dhigurah
12.0,2.0,,,2.0,,,,9.0,7.0,8.0,14.0,12.0,12.0,8.0,15.0,10.0,10.0,11.0,6.0,,,6.0,18.0,6.0,6.0,14.0,14.0,3.0,14.0,5.0,4.0,,,117.0,97,54.7,45.3,Alif Dhaalu Fenfushi
13.0,2.0,,,,,3.0,5.0,5.0,7.0,6.0,8.0,3.0,6.0,9.0,9.0,4.0,5.0,4.0,3.0,,,5.0,6.0,4.0,4.0,7.0,2.0,6.0,6.0,4.0,7.0,,,65.0,63,50.8,49.2,Alif Dhaalu Hagnaameedhoo
14.0,2.0,,,7.0,2.0,6.0,3.0,2.0,5.0,10.0,6.0,5.0,1.0,3.0,7.0,10.0,9.0,5.0,5.0,,,8.0,5.0,5.0,3.0,4.0,3.0,6.0,5.0,7.0,6.0,,,76.0,62,55.1,44.9,Alif Dhaalu Kunburudhoo
15.0,2.0,17.0,14.0,18.0,15.0,21.0,24.0,22.0,16.0,44.0,33.0,28.0,17.0,29.0,23.0,24.0,22.0,33.0,21.0,,,20.0,41.0,26.0,17.0,24.0,21.0,25.0,16.0,18.0,17.0,,,352.0,294,54.5,45.5,Alif Dhaalu Maamingili
16.0,2.0,16.0,21.0,7.0,15.0,28.0,33.0,28.0,25.0,20.0,35.0,20.0,19.0,35.0,26.0,30.0,26.0,24.0,26.0,1.0,1.0,32.0,27.0,30.0,24.0,12.0,25.0,26.0,18.0,19.0,21.0,8.0,11.0,342.0,347,49.6,50.4,Alif Dhaalu Mahibadhoo
17.0,2.0,,,,,,1.0,,,4.0,3.0,3.0,3.0,1.0,2.0,1.0,6.0,1.0,1.0,,,6.0,2.0,4.0,1.0,7.0,2.0,,2.0,1.0,2.0,,,25.0,28,47.2,52.8,Alif Dhaalu Mandhoo
180.0,20.0,4.0,6.0,9.0,12.0,13.0,9.0,14.0,13.0,5.0,14.0,13.0,14.0,8.0,16.0,12.0,3.0,12.0,4.0,,,9.0,14.0,18.0,10.0,15.0,8.0,13.0,8.0,9.0,10.0,,,141.0,154,47.8,52.2,Alif Dhaalu Omadhoo
185.0,21.0,,,,,1.0,6.0,6.0,4.0,9.0,6.0,6.0,9.0,8.0,6.0,5.0,6.0,7.0,4.0,,,6.0,6.0,4.0,3.0,3.0,9.0,6.0,6.0,4.0,2.0,,,73.0,59,55.3,44.7,Vaavu Felidhoo
186.0,21.0,2.0,3.0,3.0,5.0,3.0,,2.0,2.0,1.0,2.0,6.0,3.0,5.0,2.0,2.0,3.0,2.0,1.0,,,3.0,2.0,,2.0,3.0,6.0,1.0,1.0,2.0,1.0,,,37.0,31,54.4,45.6,Vaavu Fulidhoo
187.0,21.0,,,,,3.0,4.0,6.0,5.0,9.0,7.0,6.0,13.0,5.0,9.0,3.0,6.0,14.0,9.0,2.0,5.0,12.0,14.0,11.0,8.0,7.0,9.0,12.0,3.0,10.0,8.0,4.0,6.0,97.0,113,46.2,53.8,Vaavu Keyodhoo
188.0,21.0,,,,,,,1.0,,,1.0,,,,,,,,,,,,,,,,1.0,,,,1.0,,,2.0,2,50.0,50.0,Vaavu Rakeedhoo
189.0,21.0,,,,,,,,,,,,,,,,,,,,,,,1.0,,,,,,,,,,,1,0.0,100.0,Vaavu Thinadhoo-1
113.0,15.0,5.0,8.0,6.0,11.0,13.0,11.0,12.0,8.0,6.0,22.0,9.0,12.0,5.0,9.0,9.0,15.0,15.0,9.0,5.0,2.0,8.0,7.0,12.0,16.0,13.0,14.0,16.0,13.0,14.0,6.0,9.0,6.0,154.0,172,47.2,52.8,Meemu Dhiggaru
114.0,15.0,6.0,3.0,5.0,7.0,6.0,8.0,5.0,7.0,8.0,11.0,7.0,14.0,6.0,6.0,9.0,5.0,12.0,8.0,,,5.0,12.0,9.0,9.0,5.0,8.0,9.0,6.0,9.0,10.0,,,108.0,107,50.2,49.8,Meemu Kolhufushi
146.0,17.0,,,,,5.0,5.0,1.0,5.0,1.0,1.0,4.0,2.0,1.0,2.0,5.0,3.0,5.0,1.0,,,,2.0,1.0,3.0,4.0,1.0,2.0,3.0,1.0,1.0,,,31.0,28,52.5,47.5,Meemu Maduvvari
116.0,15.0,6.0,6.0,8.0,10.0,22.0,18.0,21.0,20.0,15.0,13.0,12.0,13.0,13.0,18.0,12.0,9.0,14.0,13.0,6.0,,8.0,14.0,12.0,11.0,11.0,13.0,16.0,18.0,13.0,14.0,17.0,,195.0,201,49.2,50.8,Meemu Mulaku
117.0,15.0,2.0,,5.0,9.0,9.0,6.0,9.0,6.0,6.0,14.0,9.0,8.0,10.0,8.0,11.0,10.0,14.0,11.0,,6.0,3.0,12.0,11.0,11.0,14.0,8.0,6.0,7.0,11.0,16.0,5.0,7.0,132.0,132,50.0,50.0,Meemu Muli
118.0,15.0,,,,,5.0,1.0,,2.0,8.0,5.0,5.0,2.0,7.0,3.0,6.0,1.0,,,,,5.0,5.0,3.0,5.0,1.0,2.0,4.0,6.0,,,,,42.0,34,55.3,44.7,Meemu Naalaafushi
119.0,15.0,,,,,,1.0,5.0,,1.0,,,1.0,,1.0,,,,,,,,1.0,2.0,,,,,,,,,,8.0,4,66.7,33.3,Meemu Raiymandhoo
120.0,15.0,,,,,6.0,1.0,1.0,,4.0,4.0,2.0,3.0,7.0,3.0,4.0,5.0,,,,,,2.0,1.0,3.0,1.0,,2.0,5.0,,,,,39.0,15,72.2,27.8,Meemu Veyvashu
38.0,5.0,10.0,4.0,11.0,9.0,13.0,12.0,15.0,12.0,9.0,16.0,12.0,15.0,11.0,11.0,12.0,11.0,11.0,6.0,4.0,1.0,12.0,17.0,10.0,5.0,13.0,12.0,13.0,6.0,10.0,7.0,3.0,4.0,168.0,149,53.0,47.0,Faafu Bilehdhoo
39.0,5.0,,,,,2.0,3.0,5.0,4.0,4.0,6.0,9.0,10.0,5.0,6.0,4.0,6.0,11.0,7.0,,,8.0,5.0,10.0,5.0,8.0,4.0,4.0,5.0,3.0,6.0,,,75.0,65,53.6,46.4,Faafu Dharanboodhoo
40.0,5.0,,,,,12.0,9.0,14.0,13.0,15.0,11.0,17.0,13.0,13.0,9.0,8.0,13.0,4.0,11.0,,,13.0,15.0,9.0,11.0,18.0,10.0,11.0,12.0,16.0,9.0,,,140.0,146,49.0,51.0,Faafu Feeali
133.0,16.0,10.0,8.0,7.0,5.0,6.0,6.0,14.0,7.0,15.0,9.0,12.0,8.0,10.0,9.0,13.0,6.0,8.0,7.0,,,11.0,10.0,8.0,12.0,10.0,3.0,8.0,11.0,6.0,4.0,,,134.0,109,55.1,44.9,Faafu Magoodhoo-1
50.0,6.0,,,,,29.0,22.0,22.0,27.0,18.0,35.0,25.0,21.0,24.0,27.0,14.0,24.0,22.0,19.0,9.0,11.0,17.0,26.0,18.0,26.0,14.0,22.0,19.0,16.0,16.0,20.0,22.0,7.0,300.0,272,52.4,47.6,Faafu Nilandhoo-1
32.0,4.0,5.0,,4.0,6.0,8.0,3.0,6.0,1.0,7.0,13.0,3.0,4.0,6.0,6.0,6.0,10.0,3.0,11.0,,,5.0,9.0,9.0,8.0,12.0,8.0,7.0,6.0,5.0,6.0,,,92.0,85,52.0,48.0,Dhaalu Bandidhoo
33.0,4.0,,,6.0,8.0,4.0,6.0,15.0,6.0,9.0,9.0,7.0,9.0,6.0,8.0,7.0,11.0,9.0,7.0,,,11.0,8.0,9.0,6.0,9.0,9.0,8.0,8.0,5.0,6.0,,,107.0,99,51.9,48.1,Dhaalu Hulhudheli
34.0,4.0,,,,,33.0,33.0,8.0,10.0,20.0,44.0,29.0,26.0,11.0,12.0,27.0,38.0,23.0,10.0,3.0,3.0,23.0,39.0,34.0,29.0,6.0,13.0,36.0,34.0,28.0,17.0,15.0,19.0,287.0,336,46.1,53.9,Dhaalu Kudahuvadhoo
35.0,4.0,,,,,4.0,7.0,7.0,4.0,9.0,10.0,8.0,4.0,4.0,3.0,5.0,8.0,4.0,6.0,,,4.0,6.0,6.0,4.0,6.0,3.0,8.0,12.0,8.0,9.0,,,72.0,77,48.3,51.7,Dhaalu Maaenboodhoo
157.0,18.0,7.0,4.0,9.0,10.0,8.0,7.0,16.0,13.0,13.0,8.0,8.0,7.0,19.0,11.0,10.0,5.0,12.0,6.0,2.0,1.0,7.0,7.0,4.0,7.0,7.0,9.0,9.0,11.0,5.0,4.0,5.0,2.0,142.0,111,56.1,43.9,Dhaalu Meedhoo-1
37.0,4.0,,,,,3.0,2.0,4.0,2.0,3.0,,1.0,1.0,3.0,2.0,4.0,6.0,3.0,4.0,,,4.0,4.0,8.0,4.0,3.0,3.0,1.0,3.0,3.0,3.0,,,34.0,40,45.9,54.1,Dhaalu Rinbudhoo
172.0,20.0,4.0,2.0,3.0,2.0,5.0,4.0,6.0,7.0,3.0,3.0,7.0,5.0,7.0,5.0,6.0,1.0,1.0,3.0,,,4.0,6.0,4.0,4.0,7.0,4.0,7.0,3.0,3.0,5.0,,,59.0,62,48.8,51.2,Thaa Burunee
173.0,20.0,6.0,7.0,7.0,9.0,12.0,6.0,10.0,11.0,10.0,9.0,5.0,9.0,8.0,9.0,9.0,6.0,7.0,9.0,,,7.0,5.0,6.0,11.0,11.0,6.0,10.0,7.0,6.0,8.0,,,116.0,110,51.3,48.7,Thaa Dhiyamigili
174.0,20.0,2.0,2.0,1.0,2.0,1.0,5.0,2.0,6.0,3.0,3.0,2.0,1.0,3.0,1.0,3.0,3.0,3.0,2.0,,,2.0,2.0,5.0,2.0,3.0,2.0,4.0,1.0,3.0,2.0,,,30.0,41,42.3,57.7,Thaa Gaadhiffushi
175.0,20.0,9.0,10.0,10.0,15.0,14.0,13.0,21.0,11.0,10.0,12.0,17.0,17.0,12.0,14.0,14.0,11.0,11.0,24.0,8.0,1.0,18.0,17.0,13.0,10.0,16.0,16.0,14.0,8.0,13.0,14.0,9.0,5.0,205.0,202,50.4,49.6,Thaa Guraidhoo-1
176.0,20.0,9.0,10.0,9.0,7.0,10.0,8.0,10.0,7.0,8.0,17.0,8.0,12.0,10.0,9.0,14.0,13.0,15.0,15.0,,,8.0,7.0,8.0,13.0,7.0,5.0,6.0,10.0,5.0,16.0,,,159.0,117,57.6,42.4,Thaa Hirilandhoo
177.0,20.0,,,,,2.0,4.0,5.0,3.0,5.0,5.0,3.0,9.0,8.0,4.0,10.0,7.0,6.0,3.0,,,8.0,6.0,2.0,4.0,4.0,5.0,8.0,3.0,5.0,1.0,,,67.0,53,55.8,44.2,Thaa Kandoodhoo
178.0,20.0,2.0,5.0,6.0,3.0,12.0,4.0,5.0,5.0,9.0,14.0,9.0,6.0,10.0,13.0,13.0,5.0,12.0,7.0,,,9.0,12.0,11.0,5.0,2.0,5.0,10.0,10.0,10.0,10.0,,,123.0,101,54.9,45.1,Thaa Kinbidhoo
179.0,20.0,2.0,4.0,11.0,7.0,8.0,5.0,5.0,15.0,7.0,9.0,14.0,5.0,10.0,6.0,12.0,10.0,2.0,9.0,,,11.0,15.0,8.0,9.0,10.0,10.0,13.0,9.0,6.0,11.0,,,110.0,133,45.3,54.7,Thaa Madifushi
180.0,20.0,,,,,2.0,4.0,5.0,9.0,3.0,3.0,3.0,7.0,1.0,10.0,4.0,3.0,5.0,2.0,,,4.0,3.0,2.0,3.0,3.0,4.0,2.0,6.0,3.0,7.0,,,48.0,50,49.0,51.0,Thaa Omadhoo-1
181.0,20.0,9.0,7.0,6.0,3.0,10.0,9.0,9.0,7.0,12.0,15.0,6.0,9.0,12.0,10.0,15.0,10.0,7.0,12.0,,,14.0,10.0,16.0,12.0,8.0,14.0,12.0,11.0,11.0,9.0,,,142.0,143,49.8,50.2,Thaa Thimarafushi
182.0,20.0,,,,,5.0,4.0,4.0,2.0,3.0,4.0,4.0,1.0,1.0,5.0,5.0,2.0,6.0,1.0,,,1.0,1.0,3.0,1.0,7.0,3.0,4.0,2.0,4.0,1.0,,,41.0,33,55.4,44.6,Thaa Vandhoo
183.0,20.0,8.0,7.0,6.0,7.0,41.0,28.0,57.0,48.0,15.0,15.0,16.0,17.0,13.0,17.0,16.0,15.0,17.0,14.0,7.0,4.0,15.0,13.0,16.0,12.0,12.0,17.0,12.0,17.0,12.0,14.0,16.0,,278.0,246,53.1,46.9,Thaa Veymandoo
184.0,20.0,3.0,5.0,5.0,8.0,10.0,11.0,11.0,14.0,16.0,14.0,5.0,8.0,13.0,15.0,15.0,18.0,4.0,10.0,8.0,6.0,9.0,14.0,10.0,16.0,8.0,10.0,12.0,10.0,11.0,14.0,10.0,7.0,161.0,169,48.8,51.2,Thaa Vilufushi
98.0,12.0,10.0,4.0,8.0,10.0,3.0,6.0,9.0,7.0,4.0,7.0,7.0,10.0,6.0,6.0,6.0,4.0,5.0,10.0,,,5.0,15.0,6.0,4.0,6.0,3.0,6.0,2.0,7.0,4.0,,,95.0,85,52.78,47.22,Laamu Dhanbidhoo
99.0,12.0,20.0,20.0,34.0,26.0,28.0,35.0,26.0,23.0,36.0,26.0,42.0,29.0,33.0,35.0,35.0,28.0,29.0,36.0,11.0,10.0,29.0,37.0,31.0,27.0,30.0,26.0,26.0,24.0,25.0,32.0,14.0,10.0,458.0,415,52.2,47.8,Laamu Fonadhoo
100.0,12.0,46.0,45.0,46.0,51.0,43.0,50.0,49.0,48.0,38.0,64.0,48.0,47.0,38.0,56.0,43.0,42.0,52.0,47.0,6.0,13.0,53.0,48.0,41.0,39.0,50.0,40.0,41.0,45.0,55.0,47.0,19.0,16.0,678.0,688,49.63,50.37,Laamu Gan
153.0,18.0,,,,,12.0,7.0,9.0,8.0,12.0,10.0,17.0,14.0,11.0,6.0,11.0,8.0,9.0,14.0,,,13.0,12.0,16.0,6.0,11.0,12.0,6.0,9.0,12.0,14.0,,,133.0,126,51.35,48.65,Laamu Hithadhoo-1
102.0,12.0,11.0,9.0,6.0,10.0,7.0,9.0,12.0,14.0,10.0,14.0,6.0,11.0,10.0,8.0,16.0,7.0,10.0,15.0,,,9.0,8.0,9.0,11.0,7.0,6.0,10.0,5.0,8.0,5.0,,,143.0,120,54.37,45.63,Laamu Isdhoo
103.0,12.0,,,,,11.0,5.0,9.0,2.0,8.0,7.0,4.0,10.0,9.0,4.0,5.0,10.0,5.0,10.0,,,9.0,8.0,2.0,8.0,6.0,5.0,5.0,10.0,6.0,3.0,,,92.0,69,57.14,42.86,Laamu Kalaidhoo
104.0,12.0,3.0,3.0,4.0,3.0,4.0,6.0,3.0,5.0,7.0,5.0,11.0,11.0,6.0,8.0,6.0,5.0,5.0,6.0,,,4.0,3.0,9.0,8.0,3.0,8.0,5.0,4.0,4.0,8.0,,,84.0,73,53.5,46.5,Laamu Kunahandhoo
105.0,12.0,5.0,5.0,5.0,7.0,4.0,4.0,6.0,2.0,7.0,6.0,3.0,7.0,7.0,8.0,4.0,9.0,6.0,4.0,,,8.0,2.0,4.0,7.0,4.0,5.0,3.0,5.0,3.0,12.0,,,81.0,71,53.29,46.71,Laamu Maabaidhoo
106.0,12.0,8.0,8.0,3.0,13.0,9.0,10.0,4.0,4.0,7.0,12.0,9.0,5.0,10.0,8.0,7.0,7.0,10.0,8.0,,,6.0,11.0,4.0,7.0,8.0,4.0,10.0,6.0,11.0,5.0,,,107.0,107,50.0,50.0,Laamu Maamendhoo-1
107.0,12.0,7.0,3.0,4.0,9.0,10.0,11.0,12.0,10.0,22.0,25.0,14.0,17.0,15.0,14.0,16.0,15.0,16.0,21.0,8.0,,15.0,12.0,10.0,12.0,17.0,15.0,8.0,12.0,17.0,7.0,6.0,,216.0,164,56.84,43.16,Laamu Maavah
108.0,12.0,,,,,1.0,2.0,3.0,4.0,4.0,1.0,,,2.0,1.0,1.0,,2.0,2.0,,,1.0,1.0,1.0,3.0,1.0,1.0,1.0,,1.0,1.0,,,17.0,17,50.0,50.0,Laamu Mundoo
43.0,6.0,,,,,6.0,8.0,9.0,9.0,12.0,7.0,6.0,9.0,7.0,8.0,12.0,13.0,7.0,19.0,10.0,4.0,11.0,7.0,10.0,8.0,9.0,11.0,5.0,8.0,7.0,6.0,8.0,2.0,129.0,109,54.2,45.8,Gaafu Alif Dhaandhoo
44.0,6.0,3.0,,,6.0,2.0,4.0,3.0,3.0,2.0,7.0,5.0,6.0,4.0,3.0,4.0,3.0,4.0,4.0,,,3.0,5.0,3.0,,3.0,3.0,4.0,3.0,6.0,3.0,,,50.0,46,52.1,47.9,Gaafu Alif Dhevvadhoo
45.0,6.0,3.0,3.0,9.0,7.0,23.0,8.0,12.0,18.0,17.0,13.0,15.0,14.0,20.0,22.0,15.0,12.0,21.0,12.0,,,10.0,24.0,13.0,12.0,17.0,11.0,16.0,9.0,17.0,11.0,,,208.0,176,54.2,45.8,Gaafu Alif Gemanafushi
46.0,6.0,,,,,10.0,1.0,5.0,6.0,10.0,5.0,6.0,4.0,6.0,7.0,9.0,1.0,4.0,3.0,,,9.0,3.0,7.0,6.0,7.0,6.0,5.0,5.0,3.0,6.0,,,70.0,64,52.2,47.8,Gaafu Alif Kanduhulhudhoo
47.0,6.0,,,,,8.0,6.0,5.0,11.0,5.0,8.0,5.0,9.0,8.0,3.0,6.0,4.0,7.0,6.0,,,3.0,12.0,4.0,4.0,3.0,7.0,5.0,3.0,4.0,4.0,,,74.0,66,52.9,47.1,Gaafu Alif Kolamafushi
48.0,6.0,1.0,3.0,2.0,4.0,4.0,10.0,3.0,2.0,7.0,5.0,1.0,6.0,1.0,2.0,3.0,1.0,1.0,1.0,,,4.0,2.0,2.0,2.0,2.0,5.0,,2.0,2.0,3.0,,,38.0,43,46.9,53.1,Gaafu Alif Kondey
106.0,12.0,,,,,12.0,12.0,10.0,11.0,13.0,13.0,11.0,10.0,11.0,13.0,12.0,14.0,15.0,15.0,,,12.0,16.0,15.0,2.0,9.0,13.0,12.0,7.0,16.0,7.0,,,149.0,132,53.0,47.0,Gaafu Alif Maamendhoo
50.0,6.0,,,,,1.0,3.0,2.0,3.0,8.0,4.0,6.0,4.0,4.0,2.0,5.0,2.0,1.0,5.0,,,6.0,7.0,4.0,1.0,4.0,4.0,5.0,5.0,6.0,3.0,,,44.0,51,46.3,53.7,Gaafu Alif Nilandhoo
123.0,14.0,4.0,8.0,8.0,12.0,33.0,21.0,37.0,32.0,33.0,31.0,34.0,32.0,29.0,25.0,30.0,26.0,28.0,29.0,9.0,,23.0,28.0,24.0,31.0,35.0,23.0,25.0,23.0,22.0,35.0,15.0,,388.0,357,52.1,47.9,Gaafu Alif Vilingili
52.0,7.0,,,,,3.0,4.0,14.0,6.0,9.0,9.0,10.0,11.0,13.0,13.0,5.0,7.0,12.0,8.0,,,8.0,15.0,10.0,7.0,7.0,14.0,5.0,5.0,7.0,9.0,,,114.0,97,54.0,46.0,Gaafu Dhaalu Fares Mathoda
53.0,7.0,,,,,5.0,5.0,7.0,8.0,5.0,10.0,6.0,8.0,12.0,4.0,13.0,3.0,8.0,9.0,,,7.0,10.0,4.0,6.0,5.0,5.0,9.0,7.0,5.0,3.0,,,90.0,74,54.9,45.1,Gaafu Dhaalu Fiyoari
54.0,7.0,,,,,7.0,10.0,10.0,17.0,7.0,18.0,14.0,12.0,16.0,16.0,13.0,9.0,14.0,14.0,3.0,,13.0,18.0,12.0,13.0,8.0,10.0,11.0,13.0,13.0,7.0,7.0,,153.0,152,50.2,49.8,Gaafu Dhaalu Gadhdhoo
55.0,7.0,,,,,7.0,5.0,11.0,6.0,6.0,13.0,10.0,10.0,7.0,20.0,11.0,11.0,14.0,11.0,,,8.0,12.0,8.0,8.0,6.0,11.0,4.0,8.0,16.0,7.0,,,131.0,99,57.0,43.0,Gaafu Dhaalu Hodedhdhoo
56.0,7.0,,,,,14.0,11.0,13.0,10.0,17.0,15.0,12.0,11.0,8.0,16.0,12.0,21.0,8.0,14.0,,,20.0,9.0,9.0,13.0,14.0,9.0,19.0,17.0,15.0,12.0,,,161.0,158,50.5,49.5,Gaafu Dhaalu Madaveli
57.0,7.0,,,,,11.0,8.0,6.0,4.0,5.0,16.0,6.0,6.0,7.0,10.0,7.0,3.0,11.0,5.0,,,9.0,4.0,11.0,6.0,1.0,6.0,9.0,6.0,3.0,12.0,,,93.0,79,54.1,45.9,Gaafu Dhaalu Nadella
58.0,7.0,,,,,2.0,4.0,8.0,1.0,5.0,5.0,6.0,5.0,4.0,2.0,3.0,7.0,6.0,3.0,,,5.0,2.0,2.0,2.0,5.0,3.0,2.0,2.0,3.0,4.0,,,56.0,35,61.5,38.5,Gaafu Dhaalu Rathafandhoo
189.0,21.0,31.0,34.0,43.0,44.0,42.0,54.0,63.0,53.0,59.0,63.0,59.0,59.0,70.0,79.0,52.0,55.0,55.0,49.0,12.0,17.0,61.0,80.0,54.0,39.0,48.0,58.0,54.0,46.0,58.0,52.0,14.0,20.0,808.0,769,51.2,48.8,Gaafu Dhaalu Thinadhoo
151.0,17.0,,,,,,,,,1.0,7.0,7.0,5.0,5.0,4.0,4.0,2.0,6.0,7.0,,,7.0,4.0,3.0,6.0,2.0,3.0,5.0,3.0,4.0,2.0,,,48.0,39,55.2,44.8,Gaafu Dhaalu Vaadhoo
61.0,8.0,25.0,22.0,58.0,54.0,66.0,59.0,61.0,76.0,95.0,85.0,85.0,92.0,105.0,105.0,104.0,122.0,109.0,84.0,17.0,16.0,85.0,98.0,71.0,84.0,105.0,81.0,82.0,106.0,107.0,94.0,40.0,30.0,1229.0,1194,50.7,49.3,Gnaviyani Fuvammulah
160.0,19.0,,,,,10.0,11.0,14.0,17.0,13.0,33.0,23.0,30.0,36.0,31.0,34.0,17.0,19.0,22.0,,,19.0,29.0,29.0,24.0,21.0,18.0,30.0,21.0,19.0,22.0,,,282.0,260,52.0,48.0,Seenu Feydhoo-1
153.0,18.0,28.0,27.0,82.0,66.0,124.0,116.0,144.0,112.0,107.0,146.0,122.0,118.0,133.0,120.0,143.0,137.0,136.0,111.0,70.0,75.0,112.0,141.0,145.0,116.0,128.0,111.0,98.0,128.0,142.0,119.0,82.0,97.0,1796.0,1740,50.8,49.2,Seenu Hithadhoo
154.0,18.0,,,,,5.0,5.0,11.0,12.0,28.0,26.0,24.0,23.0,26.0,22.0,25.0,26.0,28.0,29.0,,,18.0,30.0,17.0,22.0,23.0,21.0,24.0,27.0,27.0,17.0,,,273.0,243,52.9,47.1,Seenu Hulhumeedhoo
155.0,18.0,,,,,17.0,17.0,17.0,16.0,32.0,35.0,34.0,26.0,30.0,24.0,35.0,26.0,28.0,28.0,,,32.0,34.0,29.0,26.0,29.0,25.0,32.0,29.0,31.0,29.0,,,332.0,329,50.2,49.8,Seenu Maradhoo
157.0,18.0,10.0,5.0,14.0,14.0,11.0,8.0,11.0,15.0,,,,,,,,,,,,,,,,,,,,,,,,,46.0,42,52.3,47.7,Seenu Meedhoo-2
121.0,14.0,175.0,174.0,207.0,202.0,360.0,306.0,443.0,387.0,473.0,591.0,480.0,462.0,499.0,489.0,405.0,419.0,394.0,321.0,,,483.0,584.0,418.0,429.0,495.0,426.0,379.0,405.0,367.0,317.0,,,5718.0,5372,51.6,48.4,Greater Malé Region Hulhumalé
,,432.0,448.0,728.0,670.0,813.0,781.0,873.0,760.0,854.0,965.0,894.0,887.0,972.0,1037.0,973.0,929.0,1026.0,954.0,706.0,550.0,829.0,948.0,884.0,847.0,866.0,904.0,899.0,974.0,943.0,941.0,846.0,686.0,13593.0,13226,50.7,49.3,Greater Malé Region Malé
,,17.0,17.0,35.0,24.0,44.0,36.0,41.0,44.0,37.0,51.0,35.0,33.0,29.0,33.0,35.0,31.0,26.0,26.0,,,30.0,49.0,34.0,34.0,30.0,41.0,22.0,37.0,27.0,29.0,,,473.0,454,51.0,49.0,Greater Malé Region Vilimalé
